"Date","PSEi_Return","BPI.PS","MER.PS","TEL.PS","CNPF.PS","ABS.PS","BPI_Fitted","CNPF_Fitted","MER_Fitted","ABS_Fitted","TEL_Fitted","BPI_Residual","CNPF_Residual","MER_Residual","ABS_Residual","TEL_Residual"
2025-12-29,1.18226600985222,-2.92642140468227,-0.173913043478261,0,0.257069408740364,-1.6355140186916,0.0798957840013967,0.0525303855348037,0.160914955968582,0.00277428784087763,0.110468626521544,-3.00631718868367,0.20453902320556,-0.334827999446843,-1.63828830653248,-0.110468626521544
2025-12-26,-1.45631067961165,-0.166944908180303,-0.862068965517241,0,-1.143583227446,4.39024390243904,0.0415450174702926,0.129995224294552,0.0717320053831481,-0.0605377173211954,-0.0633640128690757,-0.208489925650596,-1.27357845174055,-0.933800970900389,4.45078161976024,0.0633640128690757
2025-12-23,0.48780487804878,0.419111483654652,-0.854700854700855,0,0.897435897435901,-4.20560747663553,0.0698020403413907,0.0729187713698187,0.137442417516908,-0.0138891379133055,0.064716683067471,0.349309443313261,0.824517126066082,-0.992143272217763,-4.19171833872222,-0.064716683067471
2025-12-22,0.490196078431372,2.84482758620689,1.73913043478261,0.638977635782748,0.128369704749672,13.8297872340426,0.0698367955819599,0.0728485691457108,0.137523239236592,-0.0138317616423898,0.0648742182550884,2.77499079062493,0.0555211356039612,1.60160719554602,13.843618995685,0.57410341752766
2025-12-19,0.492610837438424,-2.27464195450716,-2.87162162162162,-1.41732283464567,-2.13567839195978,5.02793296089385,0.0698718932386919,0.0727776752740752,0.137604857229376,-0.0137738200880166,0.0650333055135199,-2.34451384774585,-2.20845606723386,-3.009226478851,5.04170678098187,-1.48235614015919
2025-12-18,0.296442687747033,-1.08333333333333,-0.837520938023451,-0.157232704402516,1.79028132992326,5.29411764705883,0.06702065948843,0.0785368916524811,0.130974443768126,-0.0184808270723078,0.0521095093769909,-1.15035399282176,1.71174443827078,-0.968495381791576,5.31259847413114,-0.209342213779507
2025-12-17,-0.197238658777123,-0.4149377593361,2.05128205128205,-0.625,0.25641025641026,0,0.0598451780491706,0.0930306700823061,0.114288190415011,-0.0303265907692145,0.0195851822172419,-0.474782937385271,0.163379586327954,1.93699386086704,0.0303265907692145,-0.644585182217242
2025-12-16,-0.098522167487679,1.68776371308017,-1.34907251264755,-0.62111801242236,-0.51020408163266,0,0.061279986870657,0.0901324950505928,0.117624772595771,-0.0279579125984964,0.0260887446494986,1.62648372620951,-0.600336576683253,-1.46669728524332,0.0279579125984964,-0.647206757071859
2025-12-15,0,2.86458333333333,0.423370025402202,0.233463035019455,-1.99999999999999,-1.44927536231885,0.0627119712653297,0.08724002508784,0.120954786701372,-0.0255938971800833,0.0325795047935019,2.801871362068,-2.08724002508783,0.30241523870083,-1.42368146513877,0.200883530225953
2025-12-12,0,-0.689655172413791,-0.589225589225589,1.98412698412698,1.52284263959391,-1.14613180515759,0.0627119712653296,0.0872400250878398,0.120954786701372,-0.0255938971800833,0.0325795047935018,-0.752367143679121,1.43560261450607,-0.710180375926961,-1.12053790797751,1.95154747933348
2025-12-11,0.098619329388555,2.02286719437115,0.253164556962025,-3.07692307692308,-0.630517023959647,4.80480480480481,0.0641453678734092,0.084344702590607,0.124288084844552,-0.0232275503855179,0.0390766660816317,1.95872182649774,-0.714861726550254,0.128876472117473,4.82803235519033,-3.11599974300471
2025-12-10,-0.098522167487679,-1.13043478260869,0.423728813559322,0,-0.875000000000004,5.37974683544304,0.061279986870657,0.0901324950505928,0.117624772595771,-0.027957912598497,0.0260887446494987,-1.19171476947935,-0.965132495050597,0.306104040963551,5.40770474804154,-0.0260887446494987
2025-12-09,0,-0.862068965517241,0.169779286926995,1.5625,2.17113665389528,-1.25,0.0627119712653296,0.0872400250878402,0.120954786701372,-0.0255938971800833,0.0325795047935018,-0.92478093678257,2.08389662880744,0.048824500225623,-1.22440610281992,1.5299204952065
2025-12-05,0,0.869565217391304,-0.169491525423729,0.234925606891151,-1.8796992481203,-5.32544378698224,0.0627119712653296,0.0872400250878398,0.120954786701372,-0.0255938971800829,0.0325795047935019,0.806853246125974,-1.96693927320814,-0.290446312125101,-5.29984988980216,0.202346102097649
2025-12-04,0,0,0,0,-0.250000000000004,-2.02898550724638,0.0627119712653295,0.0872400250878398,0.120954786701372,-0.0255938971800833,0.0325795047935019,-0.0627119712653295,-0.337240025087844,-0.120954786701372,-2.0033916100663,-0.0325795047935019
2025-12-03,0,-0.862068965517241,-0.923593618807725,-0.234375,0,0.877192982456148,0.0627119712653296,0.0872400250878399,0.120954786701372,-0.0255938971800831,0.0325795047935019,-0.92478093678257,-0.0872400250878399,-1.0445484055091,0.902786879636231,-0.266954504793502
2025-12-02,0.098619329388555,0.322307039864287,0.846740050804403,0.078186082877248,0.250626566416044,0.588235294117648,0.0641453678734089,0.084344702590607,0.124288084844552,-0.0232275503855176,0.0390766660816314,0.258161671990878,0.166281863825437,0.722451965959851,0.611462844503166,0.0391094167956166
2025-12-01,-0.098522167487679,1.20171673819743,-0.169061707523246,-1.0061919504644,-1.23762376237624,-0.874635568513127,0.061279986870657,0.0901324950505926,0.117624772595771,-0.0279579125984963,0.0260887446494984,1.14043675132677,-1.32775625742683,-0.286686480119017,-0.846677655914631,-1.0322806951139
2025-11-28,0.395647873392686,0.865800865800866,0.595238095238095,0.544747081712062,1.2531328320802,-1.4367816091954,0.0684625713072388,0.0756243692532428,0.134327543643745,-0.0161004227995114,0.0586452675874238,0.797338294493627,1.17750846282696,0.46091055159435,-1.42068118639589,0.486101814124638
2025-11-27,-0.394088669950745,-2.11864406779661,-1.67224080267559,-1.22982321291314,1.0126582278481,-1.13636363636364,0.0569840336866396,0.0988099049388522,0.107634730278969,-0.0350499588537367,0.00661646421748685,-2.17562810148325,0.913848322909248,-1.77987553295456,-1.1013136775099,-1.23643967713063
2025-11-26,0,0.854700854700855,1.70068027210884,0.076923076923077,-1.00250626566416,0.571428571428572,0.0627119712653296,0.0872400250878398,0.120954786701372,-0.0255938971800831,0.0325795047935019,0.791988883435525,-1.089746290752,1.57972548540747,0.597022468608655,0.0443435721295751
2025-11-25,0,3.53982300884956,-4.85436893203883,-0.076863950807072,0.377358490566034,-1.12994350282486,0.0627119712653297,0.0872400250878398,0.120954786701373,-0.0255938971800833,0.0325795047935019,3.47711103758423,0.290118465478194,-4.9753237187402,-1.10434960564478,-0.109443455600574
2025-11-24,0,0,4.04040404040404,-0.687022900763359,2.44845360824743,1.14285714285714,0.0627119712653295,0.0872400250878402,0.120954786701372,-0.0255938971800833,0.0325795047935018,-0.0627119712653295,2.36121358315959,3.91944925370267,1.16845104003722,-0.719602405556861
2025-11-21,0.395647873392686,2.0776874435411,-0.335570469798658,1.62916989914663,-0.893997445721587,0,0.0684625713072391,0.075624369253243,0.134327543643745,-0.0161004227995112,0.0586452675874238,2.00922487223386,-0.96962181497483,-0.469898013442404,0.0161004227995112,1.57052463155921
2025-11-20,-0.394088669950745,2.97674418604651,1.01694915254237,-0.077519379844961,0.256081946222795,2.94117647058824,0.0569840336866396,0.0988099049388522,0.107634730278969,-0.0350499588537367,0.00661646421748699,2.91976015235987,0.157272041283943,0.909314422263401,2.97622642944198,-0.084135844062448
2025-11-19,0,2.77246653919695,1.46173688736028,-0.309119010819165,1.42857142857142,-1.73410404624278,0.0627119712653297,0.0872400250878398,0.120954786701372,-0.0255938971800833,0.0325795047935019,2.70975456793162,1.34133140348358,1.34078210065891,-1.7085101490627,-0.341698515612667
2025-11-18,0.395647873392686,-0.380952380952386,-2.1043771043771,1.25195618153365,-1.28205128205128,0,0.0684625713072388,0.0756243692532428,0.134327543643745,-0.0161004227995112,0.0586452675874238,-0.449414952259625,-1.35767565130452,-2.23870464802085,0.0161004227995112,1.19331091394623
2025-11-17,-0.394088669950745,6.06060606060606,1.88679245283019,1.42857142857143,0,0,0.0569840336866401,0.0988099049388522,0.107634730278969,-0.0350499588537367,0.00661646421748685,6.00362202691942,-0.0988099049388522,1.77915772255122,0.0350499588537367,1.42195496435394
2025-11-14,0,-3.41463414634146,-1.35363790186125,-1.40845070422535,-1.51515151515152,-1.70454545454546,0.0627119712653297,0.0872400250878398,0.120954786701372,-0.0255938971800833,0.0325795047935018,-3.47734611760679,-1.60239154023936,-1.47459268856262,-1.67895155736538,-1.44103020901885
2025-11-13,0,0,5.3475935828877,4.75409836065574,1.53846153846154,0,0.0627119712653295,0.0872400250878398,0.120954786701373,-0.0255938971800832,0.0325795047935014,-0.0627119712653295,1.4512215133737,5.22663879618633,0.0255938971800832,4.72151885586224
2025-11-12,0,2.19341974077767,0.62780269058296,4.27350427350427,4,-2.22222222222222,0.0627119712653297,0.0872400250878402,0.120954786701372,-0.0255938971800833,0.0325795047935014,2.13070776951234,3.91275997491216,0.506847903881588,-2.19662832504214,4.24092476871077
2025-11-11,0,-2.14634146341464,1.36363636363636,4.65116279069767,-1.31578947368421,-2.4390243902439,0.0627119712653297,0.0872400250878398,0.120954786701372,-0.0255938971800833,0.0325795047935014,-2.20905343467997,-1.40302949877205,1.24268157693499,-2.41343049306382,4.61858328590417
2025-11-10,0,-1.44230769230769,0.91743119266055,-1.06194690265487,1.46862483311081,0,0.0627119712653297,0.0872400250878398,0.120954786701372,-0.0255938971800832,0.0325795047935018,-1.50501966357302,1.38138480802297,0.796476405959178,0.0255938971800832,-1.09452640744837
2025-11-07,0,0,-1.8018018018018,-0.176678445229682,-3.97435897435897,0,0.0627119712653295,0.0872400250878398,0.120954786701372,-0.0255938971800832,0.0325795047935019,-0.0627119712653295,-4.06159899944681,-1.92275658850317,0.0255938971800832,-0.209257950023184
2025-11-06,0,1.46341463414634,-2.03000882612533,-0.439753737906772,7.8838174273859,2.5,0.0627119712653295,0.0872400250878398,0.120954786701372,-0.0255938971800833,0.0325795047935019,1.40070266288101,7.79657740229806,-2.1509636128267,2.52559389718008,-0.472333242700274
2025-11-05,0,-3.02743614001892,1.16071428571429,0.70859167404783,-0.138121546961338,0,0.0627119712653297,0.0872400250878399,0.120954786701372,-0.0255938971800832,0.0325795047935018,-3.09014811128425,-0.225361572049178,1.03975949901292,0.0255938971800832,0.676012169254328
2025-11-04,-0.490196078431372,2.62135922330097,-3.44827586206896,1.07430617726052,3.57653791130186,0,0.0555871469486995,0.101631481029969,0.104386334166152,-0.037356032717777,0.000284791331915057,2.56577207635227,3.47490643027189,-3.55266219623511,0.037356032717777,1.0740213859286
2025-11-03,0.492610837438424,-2.27703984819735,-0.854700854700855,-0.267857142857143,-0.142857142857135,-5.26315789473683,0.0698718932386919,0.0727776752740747,0.137604857229376,-0.0137738200880166,0.06503330551352,-2.34691174143604,-0.21563481813121,-0.992305711930231,-5.24938407464881,-0.332890448370663
2025-10-30,0,0.764818355640546,0.862068965517241,0.719424460431655,-1.40845070422535,-0.262467191601056,0.0627119712653296,0.0872400250878398,0.120954786701372,-0.0255938971800832,0.0325795047935019,0.702106384375216,-1.49569072931319,0.741114178815869,-0.236873294420973,0.686844955638153
2025-10-29,0,0.576923076923071,1.75438596491228,0.18018018018018,3.95314787701318,-1.03896103896104,0.0627119712653296,0.0872400250878402,0.120954786701372,-0.0255938971800831,0.0325795047935019,0.514211105657741,3.86590785192534,1.63343117821091,-1.01336714178096,0.147600675386678
2025-10-28,0,1.46341463414634,-0.869565217391304,0.543478260869565,-1.15774240231548,-1.28205128205128,0.0627119712653295,0.0872400250878398,0.120954786701372,-0.0255938971800833,0.0325795047935018,1.40070266288101,-1.24498242740332,-0.990520004092676,-1.2564573848712,0.510898756076063
2025-10-27,0,1.99004975124378,-0.690846286701209,0.181488203266788,-4.16088765603329,0,0.0627119712653295,0.0872400250878398,0.120954786701372,-0.0255938971800832,0.0325795047935019,1.92733777997845,-4.24812768112113,-0.811801073402581,0.0255938971800832,0.148908698473286
2025-10-24,-0.490196078431372,-4.28571428571429,-2.19594594594595,-0.720720720720721,0,-2.01005025125628,0.0555871469486986,0.101631481029969,0.104386334166152,-0.0373560327177771,0.00028479133191528,-4.34130143266299,-0.101631481029969,-2.3003322801121,-1.9726942185385,-0.721005512052636
2025-10-23,0.492610837438424,-1.77736202057999,2.95652173913043,0.909090909090909,0,-0.250626566416046,0.0698718932386919,0.0727776752740747,0.137604857229376,-0.0137738200880165,0.06503330551352,-1.84723391381868,-0.0727776752740747,2.81891688190105,-0.23685274632803,0.844057603577389
2025-10-22,0,-2.55241567912488,-1.03270223752151,0.182149362477231,-1.23287671232878,0.757575757575764,0.0627119712653297,0.0872400250878398,0.120954786701372,-0.0255938971800831,0.0325795047935019,-2.61512765039021,-1.32011673741662,-1.15365702422288,0.783169654755847,0.149569857683729
2025-10-21,0,1.01289134438306,1.92982456140351,0.919117647058824,-1.35135135135135,-1,0.0627119712653295,0.0872400250878398,0.120954786701372,-0.0255938971800831,0.0325795047935018,0.950179373117731,-1.43859137643919,1.80886977470214,-0.974406102819917,0.886538142265322
2025-10-20,0,-0.549450549450557,2.33393177737882,-0.091827364554637,-1.06951871657754,0,0.0627119712653296,0.0872400250878398,0.120954786701372,-0.0255938971800832,0.0325795047935019,-0.612162520715887,-1.15675874166538,2.21297699067745,0.0255938971800832,-0.124406869348139
2025-10-17,0,1.11111111111111,1.82815356489945,0.833333333333334,-0.927152317880798,0,0.0627119712653297,0.0872400250878399,0.120954786701372,-0.0255938971800832,0.0325795047935019,1.04839913984578,-1.01439234296864,1.70719877819808,0.0255938971800832,0.800753828539832
2025-10-16,-0.878906250000006,1.0289990645463,-1.97132616487455,-1.27970749542962,3.42465753424658,0.755667506297224,0.0499373839163713,0.11304345585908,0.0912480690698643,-0.0466830386324327,-0.0253239072333278,0.979061680629929,3.3116140783875,-2.06257423394441,0.802350544929657,-1.25438358819629
2025-10-15,1.28585558852622,0.093632958801506,0.540540540540541,-0.725952813067151,-1.88172043010753,-0.749999999999995,0.0814014214015346,0.0494891436253999,0.164416246764085,0.00525989455677556,0.117293233873748,0.0122315373999714,-1.93120957373293,0.376124293776456,-0.75525989455677,-0.843246046940899
2025-10-14,0.597014925373129,-0.18691588785047,1.55535224153705,0.272975432211101,1.08695652173915,0,0.0713893692390164,0.069712520537426,0.141133678147251,-0.0112686694207428,0.071911573725822,-0.258305257089486,1.01724400120172,1.4142185633898,0.0112686694207428,0.201063858485279
2025-10-13,-0.495049504950495,0.563909774436085,-2.06093189964158,-0.181653042688465,-0.808625336927235,0.755667506297224,0.0555166041336832,0.101773970692762,0.104222290081645,-0.0374724895052788,-0.0000349583063183057,0.508393170302402,-0.910399307619997,-2.16515418972322,0.793139995802503,-0.181618084382147
2025-10-10,1,-1.02325581395348,1.91780821917808,-0.452079566003617,-2.36842105263158,0,0.077246612871255,0.0578814549658966,0.15475442987322,-0.00159914068318786,0.0984607202551387,-1.10050242682473,-2.42630250759748,1.76305378930486,0.00159914068318786,-0.550540286258756
2025-10-09,0,-1.10395584176633,1.57699443413729,-0.36036036036036,-0.393184796854518,-0.501253132832081,0.0627119712653295,0.0872400250878398,0.120954786701372,-0.0255938971800832,0.0325795047935019,-1.16666781303166,-0.480424821942358,1.45603964743592,-0.475659235651998,-0.392939865153862
2025-10-08,-0.99009900990099,-3.63475177304964,-0.461680517082179,0,0.527009222661385,-0.249999999999995,0.0483212370020367,0.116307916297685,0.0874897934619182,-0.0493510818304746,-0.0326494214061385,-3.68307301005168,0.4107013063637,-0.549170310544097,-0.20064891816952,0.0326494214061385
2025-10-07,-0.492610837438424,3.86740331491713,0.463821892393321,-0.448430493273543,3.12500000000002,-0.249376558603486,0.0555520492919674,0.101702374901606,0.104304716173368,-0.0374139742721499,0.000125704073483723,3.81185126562516,3.02329762509841,0.359517176219953,-0.211962584331336,-0.448556197347027
2025-10-06,0,-3.89380530973452,-1.28205128205128,-0.357462019660411,-2.64550264550265,-0.248756218905467,0.0627119712653297,0.0872400250878402,0.120954786701372,-0.0255938971800832,0.0325795047935019,-3.95651728099985,-2.73274267059049,-1.40300606875265,-0.223162321725384,-0.390041524453913
2025-10-03,-0.975609756097561,0.623330365093502,-0.364963503649635,0.358744394618834,0.934579439252321,0,0.0485318331132071,0.115882532523882,0.0879795250703005,-0.0490034157136396,-0.0316948517544365,0.574798531980295,0.818696906728439,-0.452943028719936,0.0490034157136396,0.39043924637327
2025-10-02,3.53535353535354,0.26785714285714,0,0.541027953110911,-1.44736842105262,0.499999999999989,0.114097067851935,-0.0165528995856978,0.240448474682654,0.0592360500311631,0.265492892789188,0.153760075005205,-1.43081552146692,-0.240448474682654,0.440763949968826,0.275535060321723
2025-09-30,2.06185567010309,3.6036036036036,-0.188323917137476,0.090991810737034,1.20967741935483,-0.746268656716402,0.0926803044734239,0.0267068908157917,0.190644772622709,0.0238798275557834,0.168417062446361,3.51092329913018,1.18297052853904,-0.378968689760185,-0.770148484272185,-0.0774252517093272
2025-09-29,1.30548302872063,-0.892857142857143,2.11538461538462,0.457038391224863,0,0.751879699248104,0.0816866992104021,0.0489129100461382,0.165079647239033,0.00573085020489772,0.118586313490156,-0.974543842067545,-0.0489129100461382,1.95030496814559,0.746148849043206,0.338452077734707
2025-09-26,-5.57199211045365,0.900900900900901,-0.383141762452107,-1.88340807174888,4.49438202247191,-0.249999999999995,-0.018274937091159,0.250825746181509,-0.0673765583883155,-0.15929249107304,-0.334510107985835,0.91917583799206,4.2435562762904,-0.315765204063791,-0.0907075089269545,-1.54889796376304
2025-09-25,-0.098522167487679,0.452488687782805,-1.50943396226415,-0.446428571428571,-8.12903225806451,0,0.0612799868706571,0.0901324950505931,0.117624772595771,-0.0279579125984964,0.0260887446494987,0.391208700912148,-8.2191647531151,-1.62705873485992,0.0279579125984964,-0.47251731607807
2025-09-24,0,-0.45045045045045,-0.934579439252336,0.3584229390681,0,0,0.0627119712653295,0.0872400250878399,0.120954786701372,-0.0255938971800832,0.0325795047935019,-0.51316242171578,-0.0872400250878399,-1.05553422595371,0.0255938971800832,0.325843434274598
2025-09-23,0,-1.76991150442478,-0.925925925925926,-0.357142857142857,0,0,0.0627119712653297,0.0872400250878399,0.120954786701372,-0.0255938971800832,0.0325795047935019,-1.83262347569011,-0.0872400250878399,-1.0468807126273,0.0255938971800832,-0.389722361936359
2025-09-22,0.495049504950495,-1.31004366812227,0.185528756957328,0.448430493273543,0,0,0.0699073383969757,0.0727060794829174,0.137687283321099,-0.0137153048548875,0.0651939678933221,-1.37995100651925,-0.0727060794829174,0.047841473636229,0.0137153048548875,0.383236525380221
2025-09-19,-0.492610837438424,0.43859649122807,-0.827966881324747,-1.58870255957635,0,0.250626566416035,0.0555520492919671,0.101702374901605,0.104304716173368,-0.0374139742721498,0.000125704073483668,0.383044441936103,-0.101702374901605,-0.932271597498115,0.288040540688185,-1.58882826364983
2025-09-18,-0.975609756097561,1.78571428571429,-2.24820143884892,0.354295837023915,-0.513478818998724,0.251256281407041,0.048531833113207,0.115882532523882,0.0879795250703008,-0.0490034157136396,-0.0316948517544365,1.73718245260108,-0.629361351522606,-2.33618096391922,0.300259697120681,0.385990688778351
2025-09-17,0.985221674876847,2.09662716499544,-0.3584229390681,1.07430617726052,0.516129032258072,-0.5,0.0770318152120546,0.0583153254603094,0.15425492775738,-0.00195374299594986,0.0974871062335381,2.01959534978339,0.457813706797763,-0.51267786682548,-0.49804625700405,0.976819071026982
2025-09-16,0,7.2336265884653,0.540540540540541,0.54005400540054,1.43979057591622,0,0.0627119712653297,0.0872400250878398,0.120954786701372,-0.0255938971800832,0.0325795047935018,7.17091461719997,1.35255055082838,0.419585753839169,0.0255938971800832,0.507474500607038
2025-09-15,0.495049504950495,-5.27777777777778,3.54477611940298,-0.179694519317161,0.526315789473692,0,0.0699073383969759,0.0727060794829174,0.137687283321099,-0.0137153048548875,0.0651939678933221,-5.34768511617476,0.453609709990775,3.40708883608188,0.0137153048548875,-0.244888487210483
2025-09-12,-0.492610837438424,0.092678405931413,0.186915887850467,0.36068530207394,1.60427807486631,-0.744416873449138,0.0555520492919672,0.101702374901605,0.104304716173368,-0.0374139742721499,0.000125704073483723,0.0371263566394458,1.5025756999647,0.082611171677099,-0.707002899176988,0.360559598000456
2025-09-11,0.495049504950495,0.092764378478672,0,-1.42222222222222,-0.664010624169987,0,0.0699073383969758,0.0727060794829175,0.137687283321099,-0.0137153048548875,0.065193967893322,0.0228570400816962,-0.736716703652905,-0.137687283321099,0.0137153048548875,-1.48741619011554
2025-09-10,0,0.465983224603914,0,-0.265957446808511,1.20967741935483,1.00250626566416,0.0627119712653295,0.0872400250878398,0.120954786701372,-0.0255938971800833,0.0325795047935019,0.403271253338584,1.12243739426699,-0.120954786701372,1.02810016284424,-0.298536951602013
2025-09-09,-0.980392156862745,0.280373831775698,-1.1090573012939,0.894454382826476,0.813008130081312,-0.249999999999995,0.0484623226320691,0.116022936972098,0.0878178816309325,-0.0491181682554708,-0.0320099221296714,0.231911509143629,0.696985193109214,-1.19687518292483,-0.200881831744524,0.926464304956147
2025-09-08,0,-4.12186379928315,0.651162790697674,-0.622222222222222,4.97866287339972,-2.43902439024389,0.0627119712653297,0.0872400250878398,0.120954786701372,-0.0255938971800833,0.0325795047935018,-4.18457577054848,4.89142284831188,0.530208003996302,-2.41343049306381,-0.654801727015724
2025-09-05,0,1.27041742286751,0.279850746268657,-1.31578947368421,-1.26404494382023,2.24438902743142,0.0627119712653295,0.0872400250878398,0.120954786701372,-0.0255938971800833,0.0325795047935018,1.20770545160218,-1.35128496890807,0.158895959567285,2.2699829246115,-1.34836897847771
2025-09-04,-1.92307692307692,-0.090661831368988,0.186915887850467,1.69491525423729,1.71428571428572,-0.248756218905467,0.0347607374077804,0.143698813783885,0.0559554729093561,-0.0717376596741127,-0.0941151403250302,-0.125422568776768,1.57058690050184,0.130960414941111,-0.177018559231354,1.78903039456232
2025-09-03,0.386100386100392,-0.451263537906137,-1.65441176470588,-1.58033362598771,0,-0.248138957816394,0.0683238020012082,0.0759046698284021,0.134004841980078,-0.016329512432247,0.0580162675200031,-0.519587339907345,-0.0759046698284021,-1.78841660668596,-0.231809445384147,-1.63834989350771
2025-09-02,1.07317073170731,-1.94690265486726,0.740740740740741,1.42475512021371,0,0,0.0783101232326642,0.0557332669081935,0.157227574495551,0.000156573206828679,0.103281296996234,-2.02521277809992,-0.0557332669081935,0.58351316624519,-0.000156573206828679,1.32147382321748
2025-09-01,0.985221674876847,0,0.934579439252336,-3.10612597066437,-4.63215258855587,0.248756218905489,0.0770318152120542,0.0583153254603088,0.15425492775738,-0.0019537429959498,0.0974871062335385,-0.0770318152120542,-4.69046791401618,0.780324511494956,0.250709961901439,-3.20361307689791
2025-08-29,-0.490196078431372,0.444444444444444,0.28116213683224,-5.15548281505728,3.52609308885755,-0.495049504950506,0.0555871469486994,0.101631481029969,0.104386334166152,-0.0373560327177769,0.00028479133191528,0.388857297495745,3.42446160782758,0.176775802666088,-0.457693472232729,-5.1557676063892
2025-08-28,0.99009900990099,-2.68166089965397,-2.11009174311927,0.658978583196046,0.997150997151001,0.497512437810957,0.0771027055286222,0.058172133877995,0.154419779940826,-0.00183671252969175,0.0978084309931422,-2.75876360518259,0.938978863273006,-2.2645115230601,0.499349150340649,0.561170152202904
2025-08-27,1.50753768844221,3.12221231043711,-0.183150183150183,3.02040816326531,0.28571428571429,0,0.0846234912742627,0.0429808741502367,0.171909022638832,0.0105791025639801,0.131897920062301,3.03758881916285,0.242733411564053,-0.355059205789015,-0.0105791025639801,2.88851024320301
2025-08-26,0,-1.92475940507437,1.88811700182815,-4.52065471551052,1.44927536231884,-0.740740740740747,0.0627119712653295,0.0872400250878398,0.120954786701372,-0.0255938971800831,0.0325795047935014,-1.9874713763397,1.362035337231,1.76716221512678,-0.715146843560664,-4.55323422030402
2025-08-22,0,0.26315789473684,3.01318267419962,-0.465477114041893,5.50458715596329,-0.246305418719207,0.0627119712653295,0.0872400250878398,0.120954786701372,-0.0255938971800832,0.0325795047935019,0.20044592347151,5.41734713087545,2.89222788749825,-0.220711521539124,-0.498056618835395
2025-08-20,0,-0.436681222707424,-0.094073377234243,0.467653936087295,-4.52554744525547,0.744416873449116,0.0627119712653295,0.0872400250878398,0.120954786701372,-0.0255938971800831,0.0325795047935019,-0.499393193972754,-4.61278747034331,-0.215028163935615,0.770010770629199,0.435074431293793
2025-08-19,4.18848167539267,-1.46299483648881,-2.65567765567766,-0.542635658914729,1.48148148148148,1.00250626566416,0.123590051290148,-0.0357278078836509,0.26252397276147,0.0749077007126722,0.308521768507164,-1.58658488777896,1.51720928936513,-2.91820162843913,0.927598564951488,-0.851157427421893
2025-08-18,-4.5,-1.94092827004219,-2.5,0.78125,-0.735294117647059,0,-0.00269391596133528,0.219353590636585,-0.0311436075719458,-0.133570301416112,-0.263885964783864,-1.93823435408085,-0.954647708283644,-2.46885639242805,0.133570301416112,1.04513596478386
2025-08-15,-3.38164251207729,0.423728813559322,3.7037037037037,-1.99081163859112,-1.16279069767441,-0.249999999999995,0.0135610093129244,0.186520213906006,0.00665647645840695,-0.106735585816927,-0.190207214158893,0.410167804246398,-1.34931091158042,3.69704722724529,-0.143264414183068,-1.80060442443223
2025-08-14,-0.480769230769231,0,0,-0.305343511450382,1.17647058823529,-1.23456790123456,0.0557241628009422,0.101354722261851,0.104704958253368,-0.0371298378035907,0.000905843513868798,-0.0557241628009422,1.07511586597344,-0.104704958253368,-1.19743806343097,-0.306249354964251
2025-08-13,0.970873786407767,0.425531914893617,0.840336134453782,-0.380228136882129,-2.85714285714286,-0.735294117647065,0.0768232737953543,0.0587365589500313,0.153769974246856,-0.00229801708601007,0.0965418499018871,0.348708641098263,-2.91587941609289,0.686566160206926,-0.732996100561055,-0.476769986784016
2025-08-12,-0.483091787439614,0,-0.833333333333334,1.23171670515781,-1.12994350282485,0.740740740740747,0.0556904052721288,0.101422909204721,0.104626456666663,-0.0371855669853466,0.000752830657445358,-0.0556904052721288,-1.23136641202957,-0.937959789999997,0.777926307726094,1.23096387450036
2025-08-11,1.47058823529412,-2.81224152191895,-0.91743119266055,-1.21673003802281,-1.66666666666667,0.746268656716424,0.0840864442152203,0.0440656572614522,0.170660144307031,0.00969250943299826,0.129463645178262,-2.89632796613417,-1.71073232392812,-1.08809133696758,0.736576147283426,-1.34619368320107
2025-08-08,-1.92307692307692,-1.46699266503667,0.925925925925926,-0.454201362604088,0.699300699300699,0,0.0347607374077805,0.143698813783885,0.0559554729093561,-0.0717376596741126,-0.0941151403250302,-1.50175340244445,0.555601885516814,0.86997045301657,0.0717376596741126,-0.360086222279058
2025-08-07,0.289296046287365,0.987654320987657,-1.72884440400364,2.4031007751938,-1.37931034482759,-2.6634382566586,0.0669167856161276,0.0787467068269112,0.130732889836911,-0.0186523089939032,0.0516386799511599,0.92073753537153,-1.4580570516545,-1.85957729384055,-2.6447859476647,2.35146209524264
2025-08-06,1.17073170731708,0,2.42311276794035,-2.27272727272727,-1.36054421768707,3.25,0.0797281370478766,0.0528690161645886,0.160525100658658,0.00249752506018464,0.109708732651029,-0.0797281370478766,-1.41341323385166,2.26258766728169,3.24750247493982,-2.3824360053783
2025-08-05,2.3976023976024,-2.64423076923077,-0.648148148148148,0,-0.675675675675676,0,0.0975602628279888,0.0168498469732902,0.201992892208301,0.0319359885267588,0.190536464941283,-2.74179103205876,-0.692525522648966,-0.850141040356449,-0.0319359885267588,-0.190536464941283
2025-08-04,-3.75000000000001,3.56846473029045,0.840336134453782,0.227790432801822,0.543478260869573,0,0.00820706524310877,0.197334663045128,-0.00579387519305952,-0.115574234043441,-0.214475053187637,3.56025766504734,0.346143597824445,0.846130009646841,0.115574234043441,0.442265485989459
2025-08-01,0,1.94585448392555,-0.279329608938547,0,-0.540540540540548,0,0.0627119712653295,0.0872400250878399,0.120954786701372,-0.0255938971800832,0.0325795047935019,1.88314251266022,-0.627780565628388,-0.400284395639919,0.0255938971800832,-0.0325795047935019
2025-07-31,0,-2.07125103562552,-1.82815356489945,0.688073394495413,0,-0.990099009900991,0.0627119712653297,0.0872400250878399,0.120954786701372,-0.0255938971800831,0.0325795047935019,-2.13396300689085,-0.0872400250878399,-1.94910835160082,-0.964505112720908,0.655493889701911
2025-07-30,0,-0.247933884297518,1.57845868152275,1.3953488372093,0,-1.22249388753056,0.0627119712653295,0.0872400250878399,0.120954786701372,-0.0255938971800833,0.0325795047935018,-0.310645855562848,-0.0872400250878399,1.45750389482138,-1.19689999035048,1.3627693324158
2025-07-29,-0.857959961868451,-0.819672131147541,0.937207122774133,0,0.135351872581827,-0.486618004866191,0.050241830707338,0.112428502790175,0.0919560461344858,-0.0461804375492023,-0.0239439403118112,-0.869913961854879,0.0229233697916523,0.845251076639647,-0.440437567316989,0.0239439403118112
2025-07-28,-0.09523809523809,-0.6514657980456,0,-0.386100386100386,0,0.243902439024407,0.0613277196838129,0.0900360793851677,0.117735773065958,-0.0278791120845493,0.0263051033209654,-0.712793517729413,-0.0900360793851677,-0.117735773065958,0.271781551108956,-0.412405489421351
2025-07-25,1.44927536231884,-1.76,0.093808630393996,-0.766283524904214,-1.05540897097625,-1.20481927710845,0.0837766692449318,0.0446913727371971,0.1699397768055,0.00918111223570706,0.128059527201671,-1.84377666924493,-1.10010034371345,-0.0761311464115041,-1.21400038934416,-0.894343052105885
2025-07-24,0,-0.635930047694751,-2.20183486238532,-0.076569678407351,0,0,0.0627119712653296,0.0872400250878399,0.120954786701372,-0.0255938971800832,0.0325795047935019,-0.698642018960081,-0.0872400250878399,-2.32278964908669,0.0255938971800832,-0.109149183200853
2025-07-23,0,-1.56494522691706,0.832562442183164,1.47630147630148,-0.263157894736841,0,0.0627119712653295,0.0872400250878398,0.120954786701372,-0.0255938971800832,0.0325795047935018,-1.62765719818239,-0.350397919824681,0.711607655481792,0.0255938971800832,1.44372197150798
2025-07-22,-0.384985563041391,1.50913423351866,0.092592592592593,0.783085356303837,0,-0.717703349282281,0.0571163440830675,0.0985426507363265,0.10794241204426,-0.0348315320200815,0.00721618796515255,1.45201788943559,-0.0985426507363265,-0.0153498194516669,-0.6828718172622,0.775869168338684
2025-07-21,-1.04761904761904,3.19672131147541,-0.735294117647059,2.07833733013589,1.87667560321715,-0.9478672985782,0.047485203868646,0.117996622358447,0.0855456367118169,-0.0507312611292114,-0.0364389114044026,3.14923610760676,1.7586789808587,-0.820839754358876,-0.897136037448989,2.11477624154029
2025-07-18,1.44927536231884,2.52100840336134,1.49253731343284,0.240384615384615,0.268817204301055,-1.86046511627907,0.0837766692449318,0.0446913727371973,0.1699397768055,0.00918111223570706,0.128059527201671,2.43723173411641,0.224125831563858,1.32259753662734,-1.86964622851478,0.112325088182944
2025-07-17,-0.956937799043062,-0.584795321637429,0,1.5459723352319,1.22448979591838,2.38095238095237,0.0488032233170754,0.115334350563384,0.0886106305560627,-0.0485553866507962,-0.0304647205286386,-0.633598544954504,1.109155445355,-0.0886106305560627,2.42950776760317,1.57643705576054
2025-07-16,0.674373795761082,-2.76198212835093,-1.65137614678899,-0.646725949878739,-3.16205533596839,-1.40845070422534,0.0725137526951447,0.0674413747165872,0.143748380362541,-0.00941246216290903,0.0770080701337196,-2.83449588104607,-3.22949671068498,-1.79512452715153,-1.39903824206243,-0.723734020012459
2025-07-15,0,-0.243111831442473,0.925925925925926,0.56910569105691,2.98507462686568,-0.234192037470721,0.0627119712653295,0.0872400250878402,0.120954786701372,-0.0255938971800832,0.0325795047935019,-0.305823802707803,2.89783460177784,0.804971139224554,-0.208598140290638,0.536526186263408
2025-07-14,0.289855072463765,0.325203252032525,-0.092506938020352,0.408163265306122,-3.02631578947368,-2.28832951945081,0.0669249108612499,0.0787302946177117,0.130751784722198,-0.0186388952969252,0.0516755092751356,0.258278341171275,-3.10504608409139,-0.22325872274255,-2.26969062415388,0.356487756030986
2025-07-11,0,2.5,1.9811320754717,-0.64882400648824,-1.29870129870131,-0.681818181818187,0.0627119712653297,0.0872400250878398,0.120954786701372,-0.0255938971800831,0.0325795047935018,2.43728802873467,-1.38594132378915,1.86017728877033,-0.656224284638104,-0.681403511281742
2025-07-10,0.485436893203884,-2.4390243902439,-2.75229357798165,-0.161943319838057,-1.66028097062579,1.14942528735634,0.0697676225303421,0.0729882920189351,0.137362380474114,-0.0139459571330467,0.0645606773476946,-2.50879201277424,-1.73326926264473,-2.88965595845576,1.16337124448939,-0.226503997185752
2025-07-09,0.980392156862745,-1.20481927710843,2.83018867924528,0.324939073923639,-0.63451776649746,0.928074245939676,0.0769616198985899,0.0584571132035817,0.154091691771811,-0.00206962610469563,0.0971689317166753,-1.28178089700702,-0.692974879701042,2.67609698747347,0.930143872044372,0.227770142206964
2025-07-08,2,-1.96850393700787,-1.85185185185185,-1.52,-0.755667506297245,-0.691244239631342,0.0917812544771808,0.028522884843953,0.188554073045069,0.0223956158137075,0.164341935716775,-2.06028519148505,-0.784190391141198,-2.04040592489692,-0.71363985544505,-1.68434193571678
2025-07-07,-0.99009900990099,1.84442662389735,0.934579439252336,0.806451612903226,0.506329113924067,-3.55555555555556,0.0483212370020369,0.116307916297685,0.0874897934619182,-0.0493510818304745,-0.0326494214061386,1.79610538689531,0.390021197626382,0.847089645790418,-3.50620447372509,0.839101034309365
2025-07-04,1.1011011011011,-1.81102362204724,0.848256361922714,-1.58730158730159,-2.94840294840296,2.50569476082005,0.0787160811417238,0.0549132711998146,0.158171611014719,0.000826755619300901,0.105121383680189,-1.88973970318896,-3.00331621960277,0.690084750907995,2.50486800520075,-1.69242297098178
2025-07-03,-0.099999999999994,-0.548159749412688,-0.841121495327103,0.478468899521531,0.493827160493844,1.15207373271889,0.0612585071047371,0.090175882100034,0.117574822384187,-0.0279933728297725,0.0259913832473386,-0.609418256517425,0.40365127839381,-0.95869631771129,1.18006710554866,0.452477516274192
2025-07-02,0,-2.07055214723927,0,2.95566502463054,-0.246305418719229,-1.36363636363637,0.0627119712653297,0.0872400250878398,0.120954786701372,-0.0255938971800833,0.0325795047935022,-2.1332641185046,-0.333545443807069,-0.120954786701372,-1.33804246645629,2.92308551983704
2025-07-01,0,0.307692307692312,-0.649953574744661,0.082169268693509,0.86956521739132,0,0.0627119712653295,0.0872400250878399,0.120954786701372,-0.0255938971800832,0.0325795047935019,0.244980336426982,0.78232519230348,-0.770908361446033,0.0255938971800832,0.0495897639000071
2025-06-30,-2.15264187866928,-2.40240240240239,0.466417910447761,-0.653061224489796,0.624999999999998,-2.86975717439293,0.0314240930529652,0.150438512630184,0.0481962593255731,-0.0772460148837721,-0.109239158626852,-2.43382649545536,0.474561487369814,0.418221651122188,-2.79251115950916,-0.543822065862944
2025-06-27,1.99600798403194,-0.745156482861401,-2.0109689213894,0.574712643678161,0.250626566416039,5.10440835266823,0.0917232319557998,0.0286400847246792,0.188419144329812,0.0222998283626223,0.164078936852658,-0.836879714817201,0.22198648169136,-2.19938806571921,5.08210852430561,0.410633706825503
2025-06-26,0,0.149253731343275,0.36697247706422,0.661157024793388,-1.8450184501845,3.85542168674697,0.0627119712653295,0.0872400250878398,0.120954786701372,-0.0255938971800833,0.0325795047935018,0.0865417600779455,-1.93225847527234,0.246017690362848,3.88101558392705,0.628577519999886
2025-06-25,-2.71844660194174,-1.6874541452678,0.925925925925926,0,-0.853658536585381,-1.65876777251183,0.0232003241812602,0.167049730273705,0.0290722615740175,-0.090822361443488,-0.146515061509976,-1.71065446944906,-1.02070826685909,0.896853664351908,-1.56794541106834,0.146515061509976
2025-06-24,-1.0566762728146,3.25757575757577,-1.0989010989011,-0.082576383154418,4.32569974554708,2.67639902676398,0.0473535603464845,0.118262529539461,0.0852395057320798,-0.0509485870423165,-0.0370356124089961,3.21022219722929,4.20743721600762,-1.18414060463318,2.7273476138063,-0.0455407707454219
2025-06-23,0,-3.57925493060629,0.831024930747922,-1.38436482084691,-2.36024844720496,-3.29411764705882,0.0627119712653297,0.0872400250878402,0.120954786701372,-0.0255938971800833,0.0325795047935018,-3.64196690187162,-2.4474884722928,0.71007014404655,-3.26852374987874,-1.41694432564041
2025-06-20,0.579710144927531,-0.50872093023255,-2.60791366906475,0.573300573300573,0.374064837905236,1.19047619047619,0.0711378504571704,0.0702205641475829,0.140548782743023,-0.0116838934137673,0.0707715137567693,-0.57985878068972,0.303844273757653,-2.74846245180777,1.20216008388996,0.502529059543804
2025-06-19,0.485436893203884,1.54981549815498,0.4516711833785,-0.488997555012225,0,0.478468899521542,0.0697676225303419,0.0729882920189353,0.137362380474114,-0.0139459571330467,0.0645606773476945,1.48004787562464,-0.0729882920189353,0.314308802904386,0.492414856654589,-0.55355823235992
2025-06-18,0.48780487804878,-1.59767610748002,1.83992640294388,-0.24390243902439,-0.24875621890549,-1.87793427230047,0.0698020403413908,0.0729187713698187,0.137442417516908,-0.0138891379133053,0.064716683067471,-1.66747814782141,-0.321674990275309,1.70248398542697,-1.86404513438716,-0.308619122091861
2025-06-17,0.490196078431372,-0.072568940493485,-0.821167883211679,0.32626427406199,1.77215189873419,1.42857142857142,0.0698367955819597,0.0728485691457106,0.137523239236592,-0.0138317616423895,0.0648742182550885,-0.142405736075445,1.69930332958848,-0.958691122448271,1.44240319021381,0.261390055806901
2025-06-16,3.55329949238579,-0.648882480173019,1.1070110701107,-0.162866449511401,0,-2.09790209790209,0.114357905905674,-0.0170797672236343,0.241055041626722,0.0596666589002557,0.266675194251095,-0.763240386078693,0.0170797672236343,0.865956028483978,-2.15756875680235,-0.429541643762496
2025-06-13,0.612870275791618,0.144404332129956,0.931098696461825,-0.16260162601626,-1.12640801001253,1.17924528301886,0.0716198210748854,0.0692470301203567,0.141669583333761,-0.0108882241482782,0.0729561434829623,0.0727845110550706,-1.19565504013289,0.789429113128064,1.19013350716714,-0.235557769499222
2025-06-11,3.05263157894737,0.435097897026827,1.32075471698113,0.162866449511401,1.01137800252846,0,0.10708087722026,-0.00238087317914526,0.224132644804909,0.0476532542314921,0.23369058357113,0.328017019806567,1.01375887570761,1.09662207217622,-0.0476532542314921,-0.0708241340597293
2025-06-10,1.06382978723404,-1.21776504297993,-1.3953488372093,-0.40551500405515,-1.125,-3.85487528344671,0.0781743559524843,0.0560075036815171,0.156911853905466,-0.0000675604812587771,0.102665904220775,-1.29593939893241,-1.18100750368152,-1.55226069111477,-3.85480772296545,-0.508180908275925
2025-06-09,1.0752688172043,1.2,0.844277673545966,-1.36,-2.43902439024391,-3.50109409190372,0.0783406181534214,0.0556716701180089,0.157298489036693,0.000206916257438294,0.103419521418918,1.12165938184658,-2.49469606036192,0.686979184509273,-3.50130100816116,-1.46341952141892
2025-06-05,-1.48305084745763,0,-1.11317254174397,0.321027287319422,2.88582183186952,-0.652173913043464,0.0411563587141687,0.130780277387333,0.0708281972515967,-0.0611793411373434,-0.0651256876284173,-0.0411563587141687,2.75504155448219,-1.18400073899557,-0.590994571906121,0.386152974947839
2025-06-04,2.55296034763716,-0.709219858156028,-1.28205128205128,0.322061191626409,1.65816326530612,3.83747178329571,0.0998183349523747,0.0122887597031931,0.207243935483386,0.0356637647076998,0.200771635521201,-0.809038193108403,1.64587450560293,-1.48929521753467,3.80180801858801,0.121289556105208
2025-06-03,0.60109289617486,0.858369098712438,2.24719101123596,0.242130750605327,0.900900900900898,-4.31965442764579,0.071448641083099,0.0695927971456882,0.141271512105216,-0.0111708195043541,0.0721802353988572,0.786920457629339,0.83130810375521,2.10591949913074,-4.30848360814144,0.16995051520647
2025-06-02,0,0.503235082674347,-2.90909090909091,1.89144736842105,-2.75344180225283,1.75824175824176,0.0627119712653296,0.0872400250878402,0.120954786701372,-0.0255938971800833,0.0325795047935018,0.440523111409017,-2.84068182734067,-3.03004569579228,1.78383565542184,1.85886786362755
2025-05-30,1.66666666666667,0.797101449275358,2.80373831775701,-3.56859635210151,-0.124999999999982,-1.30151843817788,0.0869363739418721,0.0383090748846008,0.177287525321119,0.0143973636480756,0.142381530562897,0.710165075333486,-0.163309074884583,2.62645079243589,-1.31591580182596,-3.71097788266441
2025-05-29,0,-0.719424460431655,0.187265917602996,0,1.39416983523447,-0.646551724137917,0.0627119712653296,0.0872400250878398,0.120954786701372,-0.0255938971800831,0.0325795047935019,-0.782136431696985,1.30692981014663,0.0663111309016239,-0.620957826957834,-0.0325795047935019
2025-05-28,1.12359550561798,0.651701665459816,0.564971751412429,-1.56128024980484,-3.78048780487806,-1.06609808102347,0.0790430292495156,0.0542528676474543,0.158931913860752,0.00136650337822619,0.106603342390847,0.5726586362103,-3.83474067252551,0.406039837551677,-1.0674645844017,-1.66788359219569
2025-05-27,0.451467268623031,-0.790229885057467,-0.932835820895522,0.786782061369001,1.4851485148515,-1.26315789473683,0.0692738862115714,0.0739855916242083,0.136214219284599,-0.0147610500031552,0.0623227171915325,-0.859503771269038,1.41116292322729,-1.06905004018012,-1.24839684473367,0.724459344177468
2025-05-26,0,-0.429184549356239,-3.59712230215827,3.24939073923639,0.873907615480647,5.79064587973273,0.0627119712653295,0.0872400250878399,0.120954786701372,-0.0255938971800829,0.0325795047935022,-0.491896520621569,0.786667590392807,-3.71807708885964,5.81623977691281,3.21681123444289
2025-05-23,0.567536889897843,2.79411764705883,0.270513976555455,1.31687242798354,0.125,0,0.0709609165581364,0.0705779535089844,0.14013733106678,-0.0119759877039792,0.0699695249192889,2.72315673050069,0.0544220464910156,0.130376645488675,0.0119759877039792,1.24690290306425
2025-05-22,0.570776255707763,-0.512070226773949,-0.448833034111311,-3.11004784688995,0.628930817610061,-2.39130434782608,0.071007999579214,0.0704828503607033,0.140246820475258,-0.0118982599101658,0.0701829382761718,-0.583078226353163,0.558447967249358,-0.589079854586569,-2.37940608791591,-3.18023078516612
2025-05-21,-1.29577464788733,4.27154843630816,0.36036036036036,-0.238663484486874,0.252206809583858,0.436681222707414,0.0438783511562431,0.125282115950077,0.0771580659716529,-0.0566856943309901,-0.0527877039736899,4.22767008515192,0.126924693633781,0.283202294388707,0.493366917038404,-0.185875780513184
2025-05-20,0,-3.53200883002208,-0.804289544235925,-1.72009382329945,-0.874999999999998,-4.58333333333333,0.0627119712653297,0.0872400250878399,0.120954786701372,-0.0255938971800829,0.0325795047935018,-3.59472080128741,-0.962240025087838,-0.925244330937297,-4.55773943615325,-1.75267332809295
2025-05-19,1.42857142857143,0,-1.84210526315789,1.4274385408406,-1.47783251231528,4.34782608695653,0.0834757449880803,0.0452992106279206,0.169239991232584,0.00868432638690919,0.126695526881554,-0.0834757449880803,-1.5231317229432,-2.01134525439047,4.33914176056962,1.30074301395905
2025-05-16,0,0.666666666666671,0,-0.237341772151899,0.995024875621888,3.13901345291479,0.0627119712653296,0.0872400250878399,0.120954786701372,-0.0255938971800833,0.0325795047935019,0.603954695401341,0.907784850534048,-0.120954786701372,3.16460735009487,-0.269921276945401
2025-05-15,-1.68539325842697,-3.43347639484979,-0.696864111498258,-0.628930817610063,-3.71257485029939,1.36363636363635,0.0382153842890509,0.136720761248419,0.0639890959623016,-0.0660344980175473,-0.0784562516025156,-3.47169177913884,-3.84929561154781,-0.76085320746056,1.4296708616539,-0.550474566007547
2025-05-14,-3.26086956521739,-0.851063829787226,-0.173913043478261,0.4739336492891,-0.595238095238094,-0.452488687782796,0.0153164008112245,0.182974492876786,0.010738558967084,-0.103837668365611,-0.182250545624879,-0.86638023059845,-0.77821258811488,-0.184651602445345,-0.348651019417185,0.656184194913979
2025-05-13,-0.528102514144818,3.07017543859648,4.16666666666667,-2.01238390092879,5,2.79069767441861,0.0550361904910464,0.102744359780935,0.103105110165122,-0.0382655884123864,-0.00221253072670446,3.01513924810543,4.89725564021906,4.06356155650155,2.828963262831,-2.01017137020209
2025-05-09,2.9023746701847,1.7100371747212,-3.1578947368421,1.09546165884194,0,0,0.10489694690258,0.00203045481306994,0.219054014904625,0.0440478762937556,0.223791475790337,1.60514022781862,-0.00203045481306994,-3.37694875174673,-0.0440478762937556,0.871670183051603
2025-05-08,-0.263157894736837,-2.53623188405797,-0.26246719160105,-1.54083204930663,1.26582278481012,0,0.0588870655795599,0.0949659645936143,0.112060143761412,-0.0319083067845292,0.0152423428299135,-2.59511894963753,1.17085682021651,-0.374527335362462,0.0319083067845292,-1.55607439213654
2025-05-07,0.529100529100534,-1.42857142857143,0.527704485488127,0.231660231660232,1.28205128205128,2.38095238095237,0.0704022578293113,0.0717063901026842,0.138838195787006,-0.0128982588219375,0.0674372907520402,-1.49897368640074,1.2103448919486,0.388866289701121,2.39385063977431,0.164222940908192
2025-05-06,-0.211193241816267,-0.709219858156028,2.06463195691203,0.309837335398916,0.257069408740359,-3.00230946882217,0.0596423531859366,0.0934403566869833,0.113816530487676,-0.0306614275912542,0.0186658373253629,-0.768862211341965,0.163629052053376,1.95081542642435,-2.97164804123092,0.291171498073553
2025-05-05,-0.31578947368421,-1.05263157894737,-1.41592920353982,-0.615858352578907,2.50329380764163,2.36406619385342,0.0581220844424057,0.0965111524947697,0.11028121517342,-0.0331711887054187,0.0117749104371955,-1.11075366338978,2.40678265514686,-1.52621041871324,2.39723738255884,-0.627633263016102
2025-05-02,0.582318687136045,1.78571428571429,-0.87719298245614,-0.076923076923077,-0.524246395806008,0.71428571428572,0.0711757646832851,0.0701439810782383,0.14063695053887,-0.0116213020786621,0.0709433676880492,1.714538521031,-0.594390376884246,-1.01782993299501,0.725907016364382,-0.147866444611126
2025-04-30,0,5.26315789473684,0.175746924428822,0.69713400464756,-2.17948717948719,-2.09790209790209,0.0627119712653297,0.0872400250878402,0.120954786701372,-0.0255938971800833,0.0325795047935018,5.20044592347151,-2.26672720457503,0.05479213772745,-2.07230820072201,0.664554499854058
2025-04-29,1.55913978494625,-0.225056264066025,3.83211678832117,-1.0727969348659,0,-0.923787528868361,0.0853735092530631,0.0414659103815836,0.173653155087587,0.0118172823043239,0.135297528900356,-0.310429773319088,-0.0414659103815836,3.65846363323358,-0.935604811172685,-1.20809446376626
2025-04-28,0,-0.744601638123604,-0.634632819582956,-1.58371040723982,0,0.932400932400933,0.0627119712653296,0.0872400250878399,0.120954786701372,-0.0255938971800833,0.0325795047935018,-0.807313609388934,-0.0872400250878399,-0.755587606284328,0.957994829581016,-1.61628991203332
2025-04-25,0.053792361484659,0.825825825825843,-1.51785714285714,-0.225733634311512,5.40540540540541,-0.69444444444445,0.0634938239606454,0.0856607582711675,0.122772949324925,-0.0243031625648658,0.036123410950663,0.762332001865198,5.31974464713424,-1.64063009218206,-0.670141281879584,-0.261857045262175
2025-04-24,-0.053763440860204,-0.597014925373143,-2.0979020979021,1.83908045977012,2.77777777777777,-0.460829493087548,0.0619305389209251,0.0888184428363314,0.119137601584606,-0.026883937851959,0.0290375039622317,-0.658945464294068,2.68895933494144,-2.21703969948671,-0.433945555235589,1.81004295580789
2025-04-23,0.486223662884926,-0.740740740740741,-0.435161009573542,1.953125,0,-0.686498855835246,0.0697790579456823,0.0729651935860846,0.137388973008592,-0.0139270787861308,0.0646125106905697,-0.810519798686423,-0.0729651935860846,-0.572549982582134,-0.672571777049115,1.88851248930943
2025-04-22,-2.06349206349206,-0.074019245003697,1.1443661971831,0,0,-1.13122171945701,0.0327198536658007,0.147821201529945,0.0512094912673993,-0.0751068867768514,-0.103365860444796,-0.106739098669498,-0.147821201529945,1.0931567059157,-1.05611483268016,0.103365860444796
2025-04-21,2.16216216216215,2.34848484848484,-2.06896551724138,-0.46656298600311,1.55148095909732,-1.11856823266219,0.0941382233862496,0.0237620356349895,0.194035096262124,0.0262866574077982,0.175025376061905,2.25434662509859,1.52771892346233,-2.2630006135035,-1.14485489006999,-0.641588362065015
2025-04-16,0.54347826086957,0,0.346020761245675,0.155763239875389,-1.66435506241329,-1.75824175824176,0.0706112330076804,0.0712842804563487,0.13932415799042,-0.0125532686491618,0.0683845131965657,-0.0706112330076804,-1.73563934286964,0.206696603255255,-1.7456884895926,0.0873787266788233
2025-04-15,-0.540540540540545,0.686498855835245,3.21428571428571,1.18203309692671,-2.03804347826088,-0.655021834061141,0.0548554082350994,0.103109522451053,0.102684709311184,-0.0385640358270537,-0.00303196302359954,0.631643447600146,-2.14115300071193,3.11160100497453,-0.616457798234087,1.18506505995031
2025-04-14,3.35195530726258,0.846153846153842,2.00364298724954,0.316205533596838,4.99286733238232,0.659340659340665,0.111431440335471,-0.011168589846049,0.23424968001483,0.0548354542061584,0.253410394609045,0.734722405818371,5.00403592222837,1.76939330723471,0.604505205134507,0.062795138987793
2025-04-11,-0.22296544035675,-2.25563909774436,-1.08108108108108,-0.315208825847124,1.00864553314121,-0.21929824561403,0.059471248499237,0.0937859716033235,0.11341863437766,-0.0309438986286665,0.0178902705768602,-2.3151103462436,0.914859561537887,-1.19449971545874,-0.188354346985364,-0.333099096423984
2025-04-10,-0.333333333333333,1.14068441064639,0.909090909090909,-0.781860828772479,-0.573065902578795,-0.653594771241836,0.0578670907300209,0.0970262151284876,0.109688238977423,-0.033592149345715,0.010619099639623,1.08281731991637,-0.670092117707283,0.799402670113486,-0.620002621896121,-0.792479928412102
2025-04-08,1.01010101010101,3.13725490196078,4.16666666666667,6.58333333333333,9.0625,3.14606741573033,0.0773934274329311,0.0575849037525433,0.15509584041031,-0.00135676940544149,0.0991261870779834,3.05986147452785,9.00491509624746,4.01157082625636,3.14742418513577,6.48420714625535
2025-04-07,-1.54696132596685,-4.13533834586466,-3.11926605504587,-2.83400809716599,-6.56934306569343,-5.31914893617021,0.0402274428141745,0.132656597652172,0.0686680458830433,-0.0627128575067726,-0.0693361876333389,-4.17556578867883,-6.7019996633456,-3.18793410092891,-5.25643607866344,-2.76467190953265
2025-04-04,-0.658616904500532,-0.672143390589997,-0.909090909090909,-1.2,0.292825768667642,1.73160173160173,0.0531392106028102,0.106576075662116,0.0986937703423068,-0.0413972494283124,-0.0108109773985741,-0.725282601192807,0.186249693005526,-1.00778467943322,1.77299898103004,-1.18918902260143
2025-04-03,0.109890109890104,-3.04127443881245,1.4760147601476,-0.793650793650794,-4.34173669467788,-3.34728033472804,0.0643091846286183,0.0840138085909237,0.124669033203773,-0.0229571107518529,0.0398191988002748,-3.10558362344107,-4.4257505032688,1.35134572694383,-3.32432322397619,-0.833469992451069
2025-04-02,0.496963003865267,4.62121212121212,-1.45454545454545,-0.865460267505901,-2.32558139534881,1.91897654584221,0.0699351504179146,0.0726499018908502,0.137751958901628,-0.0136693909143704,0.0653200315276118,4.55127697079421,-2.39823129723966,-1.59229741344708,1.93264593675658,-0.930780299033513
2025-03-31,0.332409972299169,-1.93164933135215,4.16666666666667,-1.01246105919003,-2.79255319148937,0,0.0675434310789336,0.077480943606862,0.132190125151848,-0.0176178008376249,0.05447907780014,-1.99919276243108,-2.87003413509623,4.03447654151482,0.0176178008376249,-1.06694013699017
2025-03-28,0.277777777777772,0.074349442379178,-1.30841121495327,0.077942322681216,-1.05263157894737,-0.424628450106148,0.0667493717114199,0.0790848667206334,0.13034357647133,-0.0189286870420568,0.050879842421734,0.00760007066775814,-1.131716445668,-1.4387547914246,-0.405699763064091,0.027062480259482
2025-03-27,-2.06746463547335,-0.222551928783391,-2.37226277372263,-0.077881619937695,-2.6888604353393,-1.46443514644352,0.0326621137557989,0.147937830563023,0.0510752197519571,-0.0752022076742087,-0.103627578315432,-0.25521404253919,-2.83679826590232,-2.42333799347459,-1.38923293876931,0.0257459583777373
2025-03-26,0.989010989011004,1.96671709531015,4.38095238095238,-0.619195046439628,0,-0.416666666666658,0.0770868915349263,0.0582040766155877,0.15438300522298,-0.00186281932601046,0.0977367508544624,1.88963020377522,-0.0582040766155877,4.2265693757294,-0.414803847340648,-0.71693179729409
2025-03-25,0.88691796008868,0.151515151515143,0.382409177820268,0.155038759689922,-0.888324873096462,0.418410041840995,0.075603005949077,0.0612013819641654,0.150932297275073,-0.00431251669503213,0.0910107380188996,0.075912145566066,-0.949526255060627,0.231476880545195,0.422722558536027,0.0640280216710224
2025-03-24,-0.879120879120867,-1.85873605947955,-0.946969696969697,-0.845503458877786,-3.66748166259168,1.48619957537156,0.0499342643590215,0.113049757063175,0.0912408146821648,-0.0466881886059249,-0.0253380472606834,-1.90867032383857,-3.78053141965486,-1.03821051165186,1.53288776397748,-0.820165411617103
2025-03-21,0.552486187845292,-0.517751479289932,0.956022944550669,-2.32732732732733,1.74129353233829,-4.46247464503042,0.0707421599978849,0.0710198206005785,0.139628622707918,-0.0123371256348372,0.0689779663745163,-0.588493639287817,1.67027371173771,0.816394321842751,-4.45013751939558,-2.39630529370185
2025-03-20,0,-2.02898550724638,1.55339805825243,-0.966542750929368,0.500000000000017,2.4948024948025,0.0627119712653297,0.0872400250878398,0.120954786701372,-0.0255938971800833,0.0325795047935018,-2.09169747851171,0.412759974912177,1.43244327155106,2.52039639198258,-0.99912225572287
2025-03-19,-0.767543859649116,2.52600297176821,2.38568588469185,0.523168908819133,2.56410256410256,0.208333333333329,0.0515559963485011,0.109774015313016,0.0950120781264885,-0.044010925193051,-0.0179872176002979,2.47444697541971,2.45432854878954,2.29067380656536,0.25234425852638,0.541156126419431
2025-03-18,-0.05479452054795,-0.2962962962963,0,-1.83418928833456,0,1.47991543340379,0.0619155525471966,0.0888487138616452,0.119102751459079,-0.0269086783579955,0.0289695751791652,-0.358211848843497,-0.0888487138616452,-0.119102751459079,1.50682411176179,-1.86315886351373
2025-03-17,1.10803324099724,-0.735294117647059,-1.08161258603736,0.220588235294118,-2.13299874529485,-4.05679513184583,0.0788168373106766,0.0547097534845786,0.158405914869625,0.000993090628111482,0.105578081482297,-0.814110954957736,-2.18770849877943,-1.24001850090699,-4.05778822247394,0.115010153811821
2025-03-14,0.222098833981127,-0.657414170927689,0.693069306930693,-0.72992700729927,1.65816326530612,3.13807531380752,0.0659400982183392,0.0807195208964031,0.128461648038818,-0.0202646897404617,0.0472116459287909,-0.723354269146028,1.57744374440972,0.564607658891875,3.15834000354798,-0.777138653228061
2025-03-13,-2.38482384823849,2.77777777777779,-0.883218842001963,2.77569392348087,-2.48756218905474,3.46320346320347,0.028049411337919,0.157255043264833,0.0403485916031969,-0.082817164706555,-0.124535588990347,2.74972836643987,-2.64481723231957,-0.92356743360516,3.54602062791002,2.90022951247122
2025-03-12,-0.539083557951487,0.301204819277091,5.05154639175258,-1.21689334287759,-1.95121951219512,-2.94117647058823,0.0548765849548574,0.103066747525545,0.102733954802802,-0.0385290758846089,-0.002935975239726,0.246328234322234,-2.05428625972067,4.94881243694978,-2.90264739470362,-1.21395736763786
2025-03-11,0.270270270270265,0.68233510235027,-0.650199203187251,-0.285510349750178,0,-0.833333333333334,0.0666402527804444,0.0793052764062337,0.130089825396466,-0.0191088278565981,0.050385238702052,0.615694849569826,-0.0793052764062337,-0.780289028583717,-0.814224505476736,-0.33589558845223
2025-03-10,0.216684723726982,0.380517503805175,0.2997002997003,0.718907260963336,0.490196078431389,6.19469026548673,0.0658614060661802,0.0808784714319473,0.128278653044135,-0.0203945999976574,0.0468549577646044,0.314656097738995,0.409317606999442,0.171421646656165,6.21508486548439,0.672052303198732
2025-03-07,0.380641653072327,1.07692307692308,-0.891089108910891,1.53284671532847,-0.487804878048797,-2.7956989247312,0.0682444612730229,0.0760649304247836,0.133820338751559,-0.0164604934020369,0.0576566395532334,1.00867861565006,-0.563869808473581,-1.02490944766245,-2.77923843132916,1.47519007577524
2025-03-06,-0.862533692722376,1.16731517509728,1.48713826366559,0.292825768667643,0.490196078431389,1.30718954248367,0.0501753531685742,0.112562780988169,0.0918014556636588,-0.0462901831073248,-0.0242452632596622,1.11713982192871,0.37763329744322,1.39533680800193,1.35347972559099,0.317071031927305
2025-03-05,2.65633646928612,1.18110236220472,-0.479999999999995,-0.582241630276565,1.74563591022443,1.10132158590308,0.101320869831153,0.00925378458682768,0.21073801150761,0.0381442495742599,0.207582180065144,1.07978149237357,1.7363821256376,-0.690738011507605,1.06317733632882,-0.789823810341709
2025-03-04,-2.79720279720281,0,1.9160211985324,2.30826507818317,-0.86526576019779,-2.57510729613734,0.0220556311088943,0.169361899554815,0.0264103302766208,-0.092712097171399,-0.15170361537891,-0.0220556311088943,-1.0346276597526,1.88961086825578,-2.48239519896594,2.45996869356208
2025-03-03,2.14285714285716,2.17216411906678,0.122448979591841,0.977443609022556,0.123762376237641,-1.27118644067796,0.0938576318494562,0.0243288033979606,0.193382593498191,0.0258234381704072,0.173753537925582,2.07830648721732,0.0994335728396804,-0.0709336139063496,-1.29700987884837,0.803690071096974
2025-02-28,2.13243546576879,-5.1145038167939,-0.325467860048825,-3.34302325581395,5.00000013011349,-0.631578947368426,0.0937061565080439,0.0246347689355471,0.193030344531351,0.0255733725663826,0.173066945171852,-5.20820997330194,4.97536536117794,-0.518498204580176,-0.657152319934809,-3.5160902009858
2025-02-27,-0.999999999999999,-0.757575757575758,-0.283975659229204,-0.864553314121037,0.905562742561446,2.59179265658748,0.048177329659404,0.116598595209783,0.0871551435295237,-0.0495886536769787,-0.0333017106681348,-0.805753087235162,0.788964147351663,-0.371130802758728,2.64138131026446,-0.831251603452902
2025-02-26,0,1.53846153846154,1.64948453608247,1.68498168498168,-2.15189873417721,-2.32067510548524,0.0627119712653295,0.0872400250878402,0.120954786701372,-0.0255938971800833,0.0325795047935018,1.47574956719621,-2.23913875926505,1.5285297493811,-2.29508120830516,1.65240218018818
2025-02-25,0,-0.383141762452107,-1.62271805273834,-1.08695652173913,1.80412371134022,-0.210526315789469,0.0627119712653295,0.0872400250878398,0.120954786701372,-0.0255938971800832,0.0325795047935018,-0.445853733717437,1.71688368625238,-1.74367283943971,-0.184932418609386,-1.11953602653263
2025-02-24,1.69491525423729,1.87353629976581,1.23203285420945,0.072516316171138,0,-3.06122448979593,0.0873469570380847,0.0374797367455628,0.178242317501115,0.0150751816282142,0.144242581847124,1.78618934272773,-0.0374797367455628,1.05379053670834,-3.07629967142414,-0.0717262656759858
2025-02-21,0.511073253833049,-1.30970724191064,-0.612244897959184,1.32255694342395,-1.52284263959392,3.15789473684211,0.0701402378441671,0.0722356451277324,0.138228880315605,-0.0133308189022832,0.0662496319459567,-1.37984747975481,-1.59507828472165,-0.750473778274789,3.17122555574439,1.25630731147799
2025-02-20,-1.12296462661425,1.7241379310345,-2,-2.64663805436338,0,-0.210084033613441,0.0463900828813595,0.120208660822756,0.0829989830272022,-0.0525391599503191,-0.0414027697282675,1.67774784815314,-0.120208660822756,-2.0829989830272,-0.157544873663122,-2.60523528463511
2025-02-19,-1.1104941699056,-1.08527131782946,1.83299389002037,-0.142857142857143,2.33766233766233,2.80777537796976,0.046571336500282,0.119842546045023,0.0834204800141447,-0.0522399343781901,-0.0405812008829405,-1.13184265432974,2.21781979161731,1.74957341000623,2.86001531234795,-0.102275941974203
2025-02-18,0.952914798206271,0.78125,0.614754098360656,2.18978102189781,1.85185185185187,-1.48936170212767,0.0765622463382405,0.0592638091644633,0.153162966853918,-0.0027289386348357,0.0953586899307117,0.70468775366176,1.79258804268741,0.461591131506738,-1.48663276349283,2.0944223319671
2025-02-17,-1.3274336283186,-1.53846153846154,-0.081900081900077,0.735294117647059,-2.57731958762886,-3.29218106995885,0.0434181992220652,0.126211578347057,0.0760880037298914,-0.0574453438573785,-0.0548734360847781,-1.58187973768361,-2.70353116597592,-0.157988085629968,-3.23473572610147,0.790167553731837
2025-02-14,0.221729490022178,0.619195046439637,0.909090909090904,0.740740740740741,-0.51282051282053,-2.01612903225806,0.0659347299362665,0.080730364306921,0.128449164344798,-0.0202735520588202,0.0471873130998519,0.55326031650337,-0.593550877127451,0.780641744746106,-1.99585548019924,0.693553427640889
2025-02-13,-2.16919739696313,-1.37404580152673,-1.22448979591837,-1.0989010989011,-2.49999999999999,-4.4315992292871,0.0311834645279638,0.15092455897492,0.0476366887147157,-0.0776432605139128,-0.110329856294648,-1.40522926605469,-2.65092455897491,-1.27212648463309,-4.35395596877319,-0.988571242606452
2025-02-12,2.38756246529708,2.34375,1.03092783505155,1.11111111111111,3.22580645161289,-3.17164179104478,0.0974143360101829,0.017144605029896,0.201653546078912,0.0316950827958471,0.189875021997856,2.24633566398982,3.20866184658299,0.829274288972638,-3.20333687384063,0.921236089113254
2025-02-11,0.278396436525607,-0.543900543900535,-0.81799591002045,0,-3.12499999999999,1.13207547169812,0.066758363694596,0.0790667037844037,0.130364486916252,-0.018913842476048,0.0509206004119973,-0.610658907595131,-3.20406670378439,-0.948360396936702,1.15098931417417,-0.0509206004119973
2025-02-10,0.335195530726257,-1.980198019802,1.74781523096129,-0.14792899408284,0.502512562814069,-1.48698884758364,0.0675839181723437,0.077399163594451,0.132284276032718,-0.0175509620414591,0.0546625937750562,-2.04778193797434,0.425113399219618,1.61553095492857,-1.46943788554218,-0.202591587857896
2025-02-07,-2.50544662309368,3.38582677165355,-1.63733115022513,-1.88679245283019,-2.80830280830282,-7.40103270223752,0.0262962025358866,0.160796355458722,0.0362715848546931,-0.0857114788171849,-0.132482364010163,3.35953056911766,-2.96909916376154,-1.67360273507982,-7.31532122342034,-1.75431008882003
2025-02-06,-3.31753554502371,-0.625978090766821,0.742268041237118,0.072621641249092,-1.32530120481927,0.172413793103445,0.0144927811034911,0.184638125018458,0.00882326906964714,-0.105197354752722,-0.185983769249844,-0.640470871870312,-1.50993932983773,0.733444772167471,0.277611147856167,0.258605410498936
2025-02-05,3.54416575790622,2.81576830249397,1.42199916352991,2,-0.598802395209579,10.8986615678776,0.11422515034849,-0.0168116138394406,0.240746324660486,0.059447497165511,0.266073452721877,2.70154315214548,-0.581990781370138,1.18125283886942,10.8392140707121,1.73392654727812
2025-02-04,1.32596685082873,3.58333333333333,6.26666666666666,3.05343511450382,3.08641975308643,4.18326693227093,0.0819844242234633,0.0483115343184126,0.165771993117083,0.00622235452850717,0.119935812587938,3.50134890910987,3.03810821876802,6.10089467354958,4.17704457774242,2.93349930191588
2025-02-03,-1.25477359519914,3.27022375215146,0.446428571428571,-2.23880597014925,10.5047748976808,4.80167014613778,0.0444742867625316,0.124078383669657,0.0785438869221839,-0.0557018840556207,-0.0500865047873851,3.22574946538893,10.3806965140111,0.367884684506387,4.8573720301934,-2.18871946536186
2025-01-31,3.55932203389832,-6.66666666666666,-4.39607341015792,1.28495842781557,-10.281517747858,-1.03305785123967,0.114445441388115,-0.0172565804309439,0.241258601380833,0.0598111683173412,0.267071966606109,-6.78111210805478,-10.2642611674271,-4.63733201153875,-1.09286901955701,1.01788646120946
2025-01-30,-4.27257977285019,-0.796812749003984,-1.13924050632911,0.91533180778032,2.50941028858219,-2.22222222222223,0.000611555534225205,0.21267685795066,-0.0234568850442214,-0.128113408443184,-0.248903243798673,-0.797424304538209,2.29673343063153,-1.11578362128489,-2.09410881377905,1.16423505157899
2025-01-28,4.64063384267121,0.803212851405622,-0.210526315789474,0.459770114942529,-1.60493827160493,-2.94117647058822,0.130161920992885,-0.0490023489924867,0.277806554674862,0.085756981866064,0.338310102861088,0.673050930412737,-1.55593592261244,-0.488332870464336,-3.02693345245428,0.121460012081441
2025-01-27,-4.48648648648651,0,-2.26337448559671,0.307455803228286,-2.87769784172663,-5.55555555555557,-0.00249750188558003,0.218956853202506,-0.030686855637192,-0.133246047949939,-0.262995678088438,0.00249750188558003,-3.09665469492914,-2.23268762995952,-5.42230950760563,0.570451481316724
2025-01-24,2.60676650027732,0.403225806451613,-1.41987829614604,0.463320463320463,-2.79720279720279,1.8867924528302,0.100600388097193,0.0107090879979155,0.209062564243073,0.0369548302383351,0.204316450256449,0.30262541835442,-2.80791188520071,-1.62894086038911,1.84983762259186,0.259004013064014
2025-01-23,0.111049416990572,-0.401606425702811,-1.4,-0.384615384615385,-3.05084745762713,-1.85185185185186,0.0643260347418344,0.0839797729921217,0.124708217370095,-0.0229292934602723,0.039895575361147,-0.465932460444645,-3.13482723061925,-1.5247082173701,-1.82892255839159,-0.424510959976532
2025-01-22,0.055555555555545,1.63265306122449,1.41987829614604,0.541376643464811,2.54924681344149,3.05343511450382,0.0635194513545476,0.0856089934143989,0.122832544655363,-0.0242608551524781,0.0362395723191477,1.56913360986994,2.46363782002709,1.29704575149068,3.0776959696563,0.505137071145663
2025-01-21,-2.17391304347826,-0.162999185004077,-0.404040404040404,0.154918667699458,-1.93181818181819,1.15830115830117,0.0311149242959262,0.151063003613804,0.04747730154518,-0.0777564113037688,-0.110640528818752,-0.194114109300003,-2.08288118543199,-0.451517705585584,1.23605756960494,0.26555919651821
2025-01-20,1.09890109890111,0.987654320987657,0.814663951120163,-0.308880308880309,1.14942528735632,-0.766283524904215,0.0786841048982146,0.0549778601186708,0.158097251725382,0.000773967102219664,0.104976444861235,0.908970216089442,1.09444742723765,0.656566699394781,-0.767057492006435,-0.413856753741544
2025-01-17,-4.1095890410959,2.96610169491525,1.32067684688402,-1.52091254752852,0.578034682080923,-3.33333333333334,0.00298056740536135,0.207891683123224,-0.0179478564706079,-0.124202485523489,-0.238165216281719,2.96312112750989,0.370142998957699,1.33862470335463,-3.20913084780985,-1.2827473312468
2025-01-16,-0.105263157894732,-0.840336134453782,-0.89979550102249,0.381679389312977,0.231749710312878,-0.369003690036892,0.0611820089910216,0.0903304008901496,0.117396929525388,-0.0281196610218615,0.0256446400080668,-0.901518143444804,0.141419309422728,-1.01719243054788,-0.34088402901503,0.35603474930491
2025-01-15,2.70270270270269,0.847457627118644,2.08768267223382,2.34375,-1.82025028441412,-5.07880910683012,0.101994786416479,0.00789253827177694,0.212305173652313,0.0392567960547687,0.210636843879006,0.745462840702165,-1.8281428226859,1.87537749858151,-5.11806590288489,2.13311315612099
2025-01-14,3.17902955939765,-0.084674005080436,-1.03305785123967,-1.08191653786708,-0.45300113250283,5.5452865064695,0.108918026565818,-0.00609173715146699,0.228404851441771,0.0506861429940955,0.242017836155091,-0.193592031646254,-0.446909395351363,-1.26146270268144,5.4946003634754,-1.32393437402217
2025-01-13,-3.08108108108108,-2.3159636062862,-0.206185567010309,-2.33962264150943,-0.786516853932582,-9.38023450586264,0.0179295619930184,0.177696160058152,0.0168153455772988,-0.0995236874678138,-0.170405861763973,-2.33389316827922,-0.964213013990734,-0.223000912587608,-9.28071081839483,-2.16921677974546
2025-01-10,4.93477027793533,0.082781456953649,-0.164676821737343,-0.450788880540947,2.29885057471264,2.22602739726027,0.134437088662693,-0.0576377741526066,0.287748261230629,0.0928147140070918,0.357688168727841,-0.0516556317090441,2.35648834886525,-0.452425082967972,2.13321268325318,-0.808477049268788
2025-01-09,1.61383285302596,0.165837479270317,1.37729549248748,1.21673003802281,0,-9.45736434108528,0.0861684533959302,0.0398602001071812,0.175501761272655,0.0131296291549639,0.138900774702773,0.0796690258743868,-0.0398602001071812,1.20179373121482,-9.47049397024024,1.07782926332004
2025-01-08,-2.36353404614519,-1.95121951219513,0.2510460251046,0.30511060259344,0.578034682080923,27.4703557312253,0.028358850981206,0.156630005117194,0.0410681793171497,-0.0823063210894617,-0.123132990951504,-1.97957836317634,0.421404676963729,0.20997784578745,27.5526620523148,0.428243593544944
2025-01-07,-0.168539325842713,-0.806451612903226,-0.829875518672199,-1.42857142857143,0.81585081585083,23.4146341463415,0.0602623125677014,0.0921880987038983,0.115258217627465,-0.0296379572638337,0.0214759291538991,-0.866713925470927,0.723662717146932,-0.945133736299664,23.4442721036053,-1.45004735772533
2025-01-06,1.83066361556065,-0.401606425702811,-0.741350906095556,1.29474485910129,1.77935943060498,0.490196078431362,0.0893200108185114,0.033494358960712,0.182830563675008,0.0183324305030206,0.153185848888032,-0.490926436521322,1.74586507164427,-0.924181469770564,0.471863647928341,1.14155901021326
2025-01-03,5.93939393939394,2.04918032786885,-0.287474332648866,1.15562403697997,0.357142857142856,6.8062827225131,0.149038933530827,-0.087132088363703,0.321704182509926,0.116920414134811,0.423873996626254,1.90014139433802,0.444274945506559,-0.609178515158792,6.68936230837829,0.731750040353716
2025-01-02,0.609756097560963,0,-0.204918032786885,0.231660231660232,0.119189511323003,-9.04761904761906,0.0715745576104059,0.0693384579403138,0.141564325220791,-0.010962948096612,0.0727509776359626,-0.0715745576104059,0.0498510533826892,-0.346482358007676,-9.03665609952245,0.158909254024269
2024-12-27,3.20956576463184,-1.92926045016078,1.66666666666667,-0.15420200462606,1.45102781136638,0,0.109361859364902,-0.00698823647409297,0.229436964282509,0.0514188518030295,0.244029598471505,-2.03862230952568,1.45801604784047,1.43722970238416,-0.0514188518030295,-0.398231603097565
2024-12-26,-0.125707102451282,1.46818923327897,-1.23456790123457,3.34661354581673,0,0.238663484486868,0.0608848635838808,0.0909306058699822,0.116705931494352,-0.028610208493332,0.0242977680918512,1.40730436969509,-0.0909306058699822,-1.35127383272892,0.2672736929802,3.32231577772488
2024-12-23,-0.562499999999999,0.905349794238678,7.52212389380531,0.23961661341853,-1.54761904761904,2.19512195121953,0.0545362353619964,0.103754220781433,0.101942487417207,-0.0390909477095871,-0.00447867890366876,0.850813558876682,-1.65137326840047,7.4201814063881,2.23421289892912,0.244095292322199
2024-12-20,-2.4390243902439,-0.40983606557377,-2.71201033146793,-1.41732283464567,1.94174757281553,-2.38095238095239,0.0272616258850234,0.158846293677946,0.038516632623693,-0.0841176935139742,-0.128106386576344,-0.437097691458793,1.78290127913758,-2.75052696409162,-2.29683468743842,-1.28921644806933
2024-12-19,-0.060938452163303,-3.17460317460317,-3.0062630480167,-0.2356637863315,-0.362756952841595,0,0.0618262527031161,0.0890290909087989,0.118895088762808,-0.0270561005010394,0.0285648054966327,-3.23642942730629,-0.451786043750394,-3.12515813677951,0.0270561005010394,-0.264228591828133
2024-12-18,-1.38221153846155,-1.94552529182879,4.1304347826087,1.03174603174603,-2.01421800947868,-0.473933649289089,0.0426220219302158,0.127819779463123,0.0742365299133603,-0.0587597264726671,-0.058482271385444,-1.98814731375901,-2.1420377889418,4.05619825269534,-0.415173922816422,1.09022830313147
2024-12-17,0.422450211225111,-4.67359050445105,-2.12765957446808,0,0.476190476190492,0,0.0688521336818333,0.0748374909385576,0.135233453098653,-0.0154573072296747,0.0604110381810374,-4.74244263813288,0.401352985251934,-2.26289302756673,0.0154573072296747,-0.0604110381810374
2024-12-16,-0.060313630880585,2.12121212121213,-0.843881856540084,-2.92758089368259,-6.66666666666666,4.19753086419753,0.0618353342565285,0.0890107470493566,0.11891620749921,-0.0270411080665065,0.028605969482185,2.0593767869556,-6.75567741371602,-0.962798064039294,4.22457197226404,-2.95618686316477
2024-12-13,-0.718562874251496,-1.93164933135215,-0.378310214375791,1.40625,0.111234705228015,-1.21951219512195,0.0522679174167602,0.108336003618578,0.0966676179551338,-0.0428356383754571,-0.0147602907477942,-1.98391724876891,0.00289870160943735,-0.474977832330925,-1.17667655674649,1.42101029074779
2024-12-12,0.300300300300312,3.53846153846153,-0.874999999999998,-1.53846153846154,4.90081680280047,0.985221674876848,0.0670767285043468,0.0784236376638328,0.131104829695921,-0.0183882645984327,0.0523636535807808,3.47138480995718,4.82239316513664,-1.00610482969592,1.00360993947528,-1.59082519204232
2024-12-11,-0.299401197604802,0.076982294072359,-2.04081632653061,-1.51515151515152,2.02380952380954,-4.47058823529413,0.0583602821617588,0.0960300161423142,0.110835133057106,-0.0327779560114889,0.0128545899846277,0.0186220119106002,1.92777950766723,-2.15165145958772,-4.43781027928264,-1.52800610513615
2024-12-10,0,-0.076923076923073,1.6597510373444,-2.5830258302583,0,-0.932400932400933,0.0627119712653295,0.0872400250878399,0.120954786701372,-0.0255938971800831,0.0325795047935022,-0.139635048188402,-0.0872400250878399,1.53879625064303,-0.90680703522085,-2.6156053350518
2024-12-09,-0.595238095238083,0,0.416666666666667,1.1949215832711,0,1.41843971631205,0.0540603988808502,0.104715364446139,0.100835951480034,-0.0398764903329969,-0.0066355044098525,-0.0540603988808502,-0.104715364446139,0.315830715186633,1.45831620664505,1.20155708768095
2024-12-06,-0.826446280991746,1.5625,-0.207900207900208,2.05792682926829,0.238663484486873,3.42298288508559,0.0506998707645645,0.111503306180355,0.09302119730315,-0.0454242744502449,-0.0218677807119834,1.51180012923544,0.127160178306518,-0.300921405203358,3.46840715953583,2.07979460998027
2024-12-05,-0.058997050147498,-0.389105058365759,-0.578751550227369,-2.67062314540059,-1.29564193168435,-2.15311004784689,0.0618544702856288,0.088972094121583,0.118960707458195,-0.0270095170324076,0.0286927074211336,-0.450959528651388,-1.38461402580593,-0.697712257685564,-2.12610053081448,-2.69931585282172
2024-12-04,0,0.626468285043068,0.959933222036733,-0.882352941176471,-1.27906976744184,1.95121951219512,0.0627119712653296,0.0872400250878398,0.120954786701372,-0.0255938971800833,0.0325795047935018,0.563756313777738,-1.36630979252968,0.838978435335361,1.9768134093752,-0.914932445969973
2024-12-03,-0.294117647058817,0.99688473520249,-0.166666666666669,1.34128166915052,1.77514792899408,-3.52941176470589,0.0584370766753514,0.095874898653117,0.11101371518024,-0.0326511785026993,0.0132026767165503,0.938447658527139,1.67927303034096,-0.277680381846909,-3.49676058620319,1.32807899243397
2024-12-02,0,-0.155520995334361,0.208768267223382,3.46954510408635,0.595238095238094,-1.16279069767441,0.0627119712653295,0.0872400250878399,0.120954786701372,-0.0255938971800833,0.0325795047935022,-0.218232966599691,0.507998070150254,0.0878134805220099,-1.13719680049433,3.43696559929285
2024-11-29,0.294985250737457,-0.771604938271605,-0.457190357439732,-0.153964588144727,0.719424460431652,-0.692840646651276,0.0669994761638326,0.0785796799191253,0.130925182917256,-0.0185157979184623,0.0520134916553413,-0.838604414435438,0.640844780512527,-0.588115540356988,-0.674324848732814,-0.205978079800068
2024-11-28,0.177304964539024,-0.689655172413798,-2.59109311740891,0.697674418604651,0,-0.230414746543774,0.0652890353798556,0.0820346048534523,0.126947631235388,-0.0213395077302787,0.0442605713647152,-0.754944207793654,-0.0820346048534523,-2.7180407486443,-0.209075238813495,0.653413847239936
2024-11-27,-1.05263157894738,-1.8796992481203,1.5625,-2.56797583081571,0,-1.36363636363637,0.0474123485222497,0.118143783110939,0.0853762149415311,-0.050851535597868,-0.0367691430608534,-1.92711159664255,-0.118143783110939,1.47712378505847,-1.3127848280385,-2.53120668775486
2024-11-26,-0.581395348837197,1.44927536231884,-2.09339774557167,1.84615384615385,0.481927710843372,0,0.0542615982386287,0.104308961205248,0.101303831368902,-0.0395443370038593,-0.00572352745163518,1.39501376408021,0.377618749638124,-2.19470157694057,0.0395443370038593,1.85187737360549
2024-11-25,-1.71428571428571,-2.38272524199554,2.22222222222222,-3.7037037037037,0.606060606060604,0,0.0377954427980289,0.137569002439743,0.0630125412639178,-0.0667277654604751,-0.0803597217121608,-2.42052068479357,0.468491603620861,2.1592096809583,0.0667277654604751,-3.62334398199154
2024-11-22,-2.07050923335199,-0.885608856088552,-1.61943319838057,0.074128984432913,-0.602409638554215,0,0.0326178616167987,0.148027215603336,0.0509723134300573,-0.0752752620589377,-0.103828160124269,-0.918226717705351,-0.750436854157551,-1.67040551181063,0.0752752620589377,0.177957144557182
2024-11-21,-0.556483027267673,-1.81159420289855,-1.2,-0.074074074074074,-0.479616306954435,-4.34782608695651,0.0546236899042134,0.103577571065549,0.102145858948535,-0.0389465719140256,-0.00408227342666358,-1.86621789280276,-0.583193878019984,-1.30214585894853,-4.30887951504248,-0.0699918006474104
2024-11-20,1.8130311614731,-0.072411296162197,4.38413361169102,1.27531882970743,2.70935960591132,3.37078651685392,0.0890637294177159,0.0340120226004639,0.182234593018605,0.017909344060747,0.152024201381173,-0.161475025579913,2.67534758331086,4.20189901867241,3.35287717279317,1.12329462832626
2024-11-19,0.284090909090903,-1.49786019971469,0.209205020920502,0.075075075075075,-0.490196078431354,-0.447427293064867,0.0668411308124672,0.078899522212288,0.130556958057011,-0.0187772049934653,0.051295759186012,-1.56470133052716,-0.569095600643642,0.0786480628634914,-0.428650088071402,0.023779315889063
2024-11-18,3.52941176470588,0.142857142857135,-1.44329896907216,-0.892857142857143,-2.39234449760767,-2.82608695652174,0.114010706345067,-0.0163784576954895,0.240247644954954,0.0590934786913118,0.265101441716926,0.0288464365120683,-2.37596603991218,-1.68354661402711,-2.88518043521305,-1.15795858457407
2024-11-15,0,3.7037037037037,7.77777777777778,3.38461538461538,2.70270270270269,-1.28755364806868,0.0627119712653297,0.0872400250878402,0.120954786701373,-0.0255938971800833,0.0325795047935022,3.64099173243837,2.61546267761485,7.65682299107641,-1.2619597508886,3.35203587982188
2024-11-14,0,0,-5.26315789473684,-2.62172284644195,-0.731707317073168,-2.30607966457022,0.0627119712653295,0.0872400250878399,0.120954786701373,-0.0255938971800833,0.0325795047935022,-0.0627119712653295,-0.818947342161008,-5.38411268143821,-2.28048576739014,-2.65430235123545
2024-11-13,0.058858151854037,-0.074019245003697,-2.10222588623248,-0.373134328358209,0.490196078431389,1.92307692307692,0.0635674534081151,0.0855120339093851,0.122944171231793,-0.0241816101584882,0.0364571513774715,-0.137586698411812,0.404684044522004,-2.22517005746427,1.94725853323541,-0.40959147973568
2024-11-12,-0.05882352941177,-2.10144927536232,-0.77709611451943,-4.21729807005004,-1.44927536231885,-0.425531914893627,0.0618569923473342,0.0889669998008955,0.118966572397146,-0.0270053534446066,0.0287041391781111,-2.16330626770965,-1.53824236211975,-0.896062686916576,-0.39852656144902,-4.24600220922815
2024-11-11,0.413467217956278,0,-0.609756097560976,-0.071428571428571,-1.42857142857142,-2.08333333333333,0.0687215690941231,0.0751012187763456,0.134929831131551,-0.0156728519657734,0.059819227666003,-0.0687215690941231,-1.50367264734777,-0.744685928692527,-2.06766048136756,-0.131247799094574
2024-11-08,-2.13872832369941,-1.42857142857143,1.44329896907216,-0.213827512473272,0.598802395209579,-1.43737166324436,0.0316263215879167,0.150030030550955,0.0486665325188065,-0.0769121625202638,-0.108322516714044,-1.46019775015935,0.448772364658624,1.39463243655335,-1.3604595007241,-0.105504995759228
2024-11-07,-0.574712643678166,-2.64255910987483,-2.61044176706827,-0.707714083510262,-0.595238095238094,-1.21703853955374,0.054358728963074,0.104112766537233,0.1015297044187,-0.0393839871208279,-0.00528326271318647,-2.6969178388379,-0.699350861775327,-2.71197147148697,-1.17765455243291,-0.702430820797076
2024-11-06,-2.24719101123596,0.209059233449485,-0.200400801603206,-0.492957746478873,1.94174757281553,1.23203285420944,0.0300498552969575,0.153214339968612,0.0450005323826116,-0.0795146982967021,-0.115468170401188,0.179009378152528,1.78853323284692,-0.245401333985818,1.31154755250614,-0.377489576077685
2024-11-05,1.71428571428573,1.27028934368385,2.46406570841889,1.42857142857143,-1.67064439140811,-0.612244897959189,0.0876284997326309,0.0369110477359365,0.178897032138827,0.0155399711003092,0.145518731299166,1.18266084395122,-1.70755543914405,2.28516867628006,-0.627784869059498,1.28305269727226
2024-11-04,2.94117647058823,-1.04748603351955,-0.612244897959184,-2.0979020979021,-0.238095238095237,0.204498977505126,0.105460917165111,0.000891289435065251,0.220365501912691,0.0449789160460795,0.226347785563022,-1.15294695068466,-0.238986527530302,-0.832610399871875,0.159520061459047,-2.32424988346512
2024-10-31,0.532229450029568,-1.58075601374571,-2,-2.18878248974008,0,2.30125523012551,0.0704477355736282,0.0716145294581834,0.13894395219792,-0.0128231811261474,0.0676434278659288,-1.65120374931934,-0.0716145294581834,-2.13894395219792,2.31407841125166,-2.25642591760601
2024-10-30,-2.19780219780221,-1.15489130434782,2.04081632653061,0.827586206896552,0.119189511323003,0.209643605870035,0.0307677039995589,0.151764355026177,0.0466698566533532,-0.0783296257446886,-0.112214375341965,-1.18565900834738,-0.0325748437031744,1.99414646987726,0.287973231614724,0.939800582238517
2024-10-29,-1.14351057747283,-0.135685210312088,-0.527811611855466,-0.820793433652531,0.358851674641147,-3.83064516129033,0.046091454849177,0.12081186056176,0.0823045372195561,-0.053032155038168,-0.0427563619436464,-0.181776665161265,0.238039814079387,-0.610116149075022,-3.77761300625216,-0.778037071708885
2024-10-28,-0.057142857142846,0.958904109589045,1.35802469135803,-0.204778156996587,2.20048899755502,1.84804928131417,0.0618814203164196,0.0889176576662369,0.119023378520124,-0.0269650261227627,0.0288148639099805,0.897022689272625,2.11157133988878,1.23900131283791,1.87501430743693,-0.233593020906568
2024-10-25,1.15606936416184,5.03597122302158,-1.61943319838057,1.3840830449827,0.987654320987652,0,0.0795150251450121,0.053299481594264,0.160029518691948,0.00214570570650077,0.108742759662446,4.95645619787657,0.934354839393388,-1.77946271707252,-0.00214570570650077,1.27534028532025
2024-10-24,-3.35195530726257,-3.33796940194716,-0.202020202020202,-2.36486486486486,-1.45985401459855,2.09643605870022,0.0139925021951885,0.185648640021728,0.0076598933879139,-0.106023248566325,-0.18825138502204,-3.35196190414235,-1.64550265462028,-0.209680095408116,2.20245930726654,-2.17661347984282
2024-10-23,-0.278551532033437,0.559440559440567,0.405679513184584,-1.00334448160535,-2.60663507109006,0,0.058663324578442,0.0954178997736186,0.11153984431367,-0.0322776733630627,0.014228191294438,0.500777234862125,-2.70205297086368,0.294139668870914,0.0322776733630627,-1.01757267289979
2024-10-22,0.956130483689532,0.350877192982456,-0.924437299035374,0.87719298245614,0.476190476190492,-0.417536534446774,0.0766089851742571,0.059169401236713,0.153271655875805,-0.0026517790446941,0.0955705431988909,0.274268207808199,0.417021074953779,-1.07770895491118,-0.41488475540208,0.781622439257249
2024-10-21,-2.84153005464479,-0.419287211740038,-0.360432519022818,-1.2,1.57194679564691,2.35042735042736,0.0214113503086014,0.170663284450739,0.0249120847922954,-0.0937757189198947,-0.154623948977268,-0.440698562048639,1.40128351119617,-0.385344603815113,2.44420306934725,-1.04537605102273
2024-10-18,-0.54347826086957,0.421052631578943,1.05220558478349,0.671140939597316,-2.01421800947868,0.645161290322567,0.0548127095229786,0.103195769719331,0.102585415412324,-0.0386345257110048,-0.00322550360956197,0.366239922055964,-2.11741377919801,0.949620169371166,0.683795816033572,0.674366443206878
2024-10-17,-0.540540540540545,1.35135135135136,-1.84707050645482,-1.97368421052632,3.68550368550369,-2.10526315789473,0.0548554082350994,0.103109522451053,0.102684709311183,-0.0385640358270538,-0.00303196302359932,1.29649594311626,3.58239416305264,-1.949755215766,-2.06669912206768,-1.97065224750272
2024-10-16,0,0,1.71717171717172,0.263852242744063,3.16856780735109,-3.25865580448065,0.0627119712653295,0.0872400250878402,0.120954786701372,-0.0255938971800833,0.0325795047935019,-0.0627119712653295,3.08132778226325,1.59621693047035,-3.23306190730057,0.231272737950561
2024-10-15,0,0.428571428571424,5.09554140127388,0.932090545938748,-0.126582278481012,-0.808080808080809,0.0627119712653295,0.0872400250878399,0.120954786701373,-0.0255938971800831,0.0325795047935019,0.365859457306094,-0.213822303568852,4.97458661457251,-0.782486910900726,0.899511041145246
2024-10-14,-0.323275862068949,1.01010101010101,-1.67014613778706,-0.529801324503311,1.28205128205128,0.202429149797566,0.0580132724703109,0.0967309421531228,0.11002817791737,-0.0333508227717515,0.0112816980709911,0.952087737630699,1.18532033989816,-1.78017431570443,0.235779972569318,-0.541083022574302
2024-10-11,-1.7989417989418,-1.70212765957447,0.842105263157895,-0.4614370468029,2.09424083769633,-0.202020202020198,0.0365649969477915,0.140054384037368,0.0601511958102162,-0.0687590675977786,-0.0859369674655274,-1.73869265652226,1.95418645365896,0.781954067347679,-0.133261134422419,-0.375500079337373
2024-10-10,1.61290322580645,0.714285714285714,-1.24740124740125,0.397088021178028,-0.779220779220777,-0.801603206412826,0.0861549415974675,0.0398874926330924,0.175470340204353,0.0131073229761997,0.138839529731626,0.628130772688246,-0.81910827185387,-1.4228715876056,-0.814710529389026,0.258248491446402
2024-10-09,1.08695652173912,-2.0979020979021,-1.6359918200409,-1.24183006535948,-1.28205128205128,-0.199999999999996,0.0785104947500312,0.0553285358248581,0.157693529279468,0.000487359881759297,0.104189521599628,-2.17641259265213,-1.33737981787614,-1.79368534932037,-0.200487359881755,-1.34601958695911
2024-10-08,-2.38726790450928,0.421348314606738,2.94736842105263,-1.29032258064516,-1.39064475347661,1.6260162601626,0.0280138878559582,0.15732679726224,0.0402659833733519,-0.0828758092416371,-0.124696606388124,0.39333442675078,-1.54797155073885,2.90710243767928,1.70889206940424,-1.16562597425704
2024-10-07,1.89189189189188,-1.65745856353592,2.37068965517241,-0.641025641025641,0.253485424588085,-1.20481927710844,0.0902099418711344,0.0316967843165959,0.184900057567031,0.019801588084313,0.157219642153354,-1.74766850540705,0.221788640271489,2.18578959760538,-1.22462086519275,-0.798245283178995
2024-10-04,2.20994475138122,4.02298850574714,4.41044104410442,1.2987012987013,3.00261096605745,-1.19047619047618,0.0948327261955524,0.0223592071387939,0.195650130727556,0.027433189000901,0.178173351117561,3.92815577955159,2.98025175891866,4.21479091337686,-1.21790937947708,1.12052794758374
2024-10-03,-0.549450549450538,1.01596516690855,0.999999999999995,1.1826544021025,0.657030223390274,0.800000000000001,0.054725904448887,0.103371107572424,0.102383554189368,-0.0387778293212341,-0.00361896524036376,0.961239262459663,0.55365911581785,0.897616445810627,0.838777829321235,1.18627336734286
2024-10-02,0,-0.505415162454865,-0.677200902934537,-0.19672131147541,-0.522875816993481,-1.38067061143985,0.0627119712653295,0.0872400250878399,0.120954786701372,-0.0255938971800833,0.0325795047935019,-0.568127133720194,-0.610115842081321,-0.798155689635909,-1.35507671425977,-0.229300816268912
2024-10-01,1.67597765363128,2.51665433012584,1.09539023277043,2.3489932885906,0.525624178712238,-2.5,0.0870717058004002,0.0380357176208957,0.177602233358101,0.014620778513037,0.142994949701273,2.42958262432544,0.487588461091342,0.917787999412329,-2.51462077851304,2.20599833888933
2024-09-30,0.788288288288282,-1.38686131386862,-3.64995602462621,-1.65016501650165,-1.16883116883118,0.970873786407764,0.0741694590177482,0.0640970080998213,0.147598649562063,-0.0066791116532513,0.0845128953601071,-1.46103077288637,-1.232928176931,-3.79755467418827,0.977552898061015,-1.73467791186176
2024-09-27,0.338983050847457,-0.72463768115942,-0.043956043956042,-0.328947368421053,-2.53164556962025,0.194552529182892,0.0676389684198805,0.0772879674193847,0.132412292861321,-0.0174600814184238,0.0549121202042262,-0.7922766495793,-2.60893353703963,-0.176368336817363,0.212012610601316,-0.383859488625279
2024-09-26,0,4.54545454545455,1.33630289532294,2.63335584064821,1.28205128205128,2.79999999999999,0.0627119712653297,0.0872400250878398,0.120954786701372,-0.0255938971800833,0.0325795047935022,4.48274257418922,1.19481125696344,1.21534810862157,2.82559389718007,2.60077633585471
2024-09-25,0,-4,-0.222222222222222,-1.26666666666667,1.29870129870129,-0.398406374501984,0.0627119712653297,0.0872400250878398,0.120954786701372,-0.0255938971800832,0.0325795047935018,-4.06271197126533,1.21146127361345,-0.343177008923594,-0.372812477321901,-1.29924617146017
2024-09-24,-0.112866817155751,-1.22126436781608,3.44827586206896,-1.31578947368421,-3.50877192982455,-1.95312500000001,0.0610714925287692,0.090553633453748,0.117139928555565,-0.0283021089743152,0.0251437016939946,-1.28233586034485,-3.5993255632783,3.3311359335134,-1.92482289102569,-1.3409331753782
2024-09-23,0.681818181818181,5.0566037735849,4.31654676258993,4.82758620689655,2.3076923076923,2.4,0.0726219541784596,0.0672228181865151,0.143999997954905,-0.00923383593219995,0.0774985153355274,4.98398181940644,2.24046948950578,4.17254676463502,2.4092338359322,4.75008769156102
2024-09-20,-0.564971751412434,3.35413416536662,-2.97812936249419,0.834492350486787,2.09424083769633,0,0.0545003093410781,0.103826787868599,0.101858943101458,-0.039150256782849,-0.00464152089103897,3.29963385602554,1.99041404982773,-3.07998830559565,0.039150256782849,0.839133871377826
2024-09-19,1.432664756447,2.07006369426751,0.986842105263155,0,0,-1.38067061143985,0.0835352400417275,0.0451790363744536,0.169378344254164,0.00878254479254625,0.12696520029728,1.98652845422578,-0.0451790363744536,0.817463761008991,-1.3894531562324,-0.12696520029728
2024-09-18,0.172215843857635,-0.946372239747636,-2.16091954022988,-1.03234686854783,-1.29198966408268,1.40000000000001,0.0652150668346623,0.0821840141598358,0.126775620772299,-0.0214616199418118,0.0439252939085941,-1.0115873065823,-1.37417367824252,-2.28769516100218,1.42146161994182,-1.07627216245642
2024-09-17,-1.24716553287982,0.794912559618442,3.57142857142857,-0.47945205479452,-1.0230179028133,0.200400801603202,0.0445848672216582,0.123855021838563,0.0788010367138061,-0.0555193304528552,-0.0495852763944807,0.750327692396784,-1.14687292465186,3.49262753471476,0.255920132056057,-0.429866778400039
2024-09-16,1.37931034482758,1.9448946515397,2.4390243902439,-0.136798905608755,2.08877284595302,-2.15686274509803,0.0827597527907438,0.0467454456092975,0.167574984179783,0.00750231867770346,0.123450146809552,1.86213489874896,2.04202740034372,2.27144940606412,-2.16436506377573,-0.260249052418307
2024-09-13,2.35294117647059,0.734693877551025,0.244498777506112,0.136986301369863,-1.41570141570143,-0.584795321637432,0.0969111279851543,0.0181610365656197,0.200483358870427,0.030864353400847,0.187594129409118,0.637782749565871,-1.43386245226705,0.0440154186356849,-0.615659675038279,-0.0506078280392551
2024-09-12,-1.73410404624277,1.2396694214876,0.987654320987654,0,-0.384615384615384,-0.388349514563116,0.0375073904458054,0.138150840328204,0.062342688715508,-0.0672033015099593,-0.0816653775099142,1.20216203104179,-0.522766224943588,0.925311632272146,-0.321146213053157,0.0816653775099142
2024-09-11,-0.28818443804034,-2.41935483870968,-0.735294117647059,0.689655172413793,1.56250000000001,3.00000000000001,0.0585233137420085,0.0957007081200998,0.111214255527929,-0.0325088125970563,0.0135935637382755,-2.47787815245169,1.46679929187991,-0.846508373174988,3.03250881259707,0.676061608675518
2024-09-10,0.289017341040456,-0.8,0.890207715133537,-0.684931506849315,-3.5175879396985,0,0.0669127347352502,0.0787548892144465,0.130723469699016,-0.0186589964584373,0.0516203185107376,-0.86691273473525,-3.59634282891295,0.759484245434521,0.0186589964584373,-0.736551825360053
2024-09-09,-1.70454545454545,-0.793650793650794,-0.148148148148154,0.481761871988988,0.251889168765724,0.806451612903226,0.0379370139825019,0.137283042341152,0.0633417585675398,-0.066494050299791,-0.0797180215615606,-0.831587807633296,0.114606126424572,-0.211489906715694,0.872945663203017,0.561479893550549
2024-09-06,1.73410404624277,-0.395256916996047,-0.246305418719212,-2.2207267833109,4.47368421052634,0.202020202020198,0.0879165520848534,0.0363292098474757,0.179566884687236,0.016015507149793,0.146824387096918,-0.4831734690809,4.43735500067886,-0.425872303406448,0.186004694870405,-2.36755117040782
2024-09-05,1.16959064327485,0.237717908082407,0.794438927507445,3.26615705350938,2.28802153432032,1.0204081632653,0.0797115520909734,0.0529025161732868,0.160486533101195,0.00247014550634406,0.109633557965007,0.158006355991434,2.23511901814703,0.63395239440625,1.01793801775896,3.15652349554437
2024-09-04,0,2.60162601626016,-1.32288094071533,-1.30315500685871,1.22615803814714,1.03092783505156,0.0627119712653297,0.0872400250878398,0.120954786701372,-0.0255938971800833,0.0325795047935018,2.53891404499483,1.1389180130593,-1.4438357274167,1.05652173223164,-1.33573451165221
2024-09-03,0.058513750731428,-2.38095238095238,-1.63855421686747,-0.681198910081744,1.38121546961326,-2.61044176706829,0.0635624476612295,0.0855221450338932,0.122932530596741,-0.0241898739795627,0.0364344618129077,-2.44451482861361,1.29569332457937,-1.76148674746421,-2.58625189308873,-0.717633371894652
2024-09-02,0.234604105571853,1.04250200481155,-2.39887111947319,-2.13333333333333,-1.22783083219645,-0.399999999999992,0.066121857859095,0.0803523840035127,0.128884321756351,-0.0199646287937146,0.0480355084208663,0.976380146952455,-1.30818321619996,-2.52775544122954,-0.380035371206277,-2.1813688417542
2024-08-30,-0.05861664712779,0.241157556270094,2.60617760617761,-0.727994705493051,0.825309491059145,-3.28820116054158,0.061859999307186,0.0889609260328543,0.118973564944522,-0.0270003893545789,0.0287177688344373,0.179297556962908,0.736348565026291,2.48720404123309,-3.261200771187,-0.756712474327488
2024-08-29,-0.233918128654976,-2.12431156569629,0.8272506082725,0,0.972222222222219,3.4,0.0593120551002011,0.0941075268707507,0.113048437421407,-0.0312067057173686,0.0171686941592005,-2.18362362079649,0.878114695351468,0.714202170851093,3.43120670571737,-0.0171686941592005
2024-08-28,-0.581395348837197,-0.235478806907387,-1.20192307692308,-3.14102564102564,-0.552486187845302,-4.76190476190476,0.0542615982386288,0.104308961205248,0.101303831368902,-0.0395443370038597,-0.00572352745163451,-0.289740405146016,-0.65679514905055,-1.30322690829198,-4.7223604249009,-3.13530211357401
2024-08-27,0.291545189504367,2.08333333333334,1.98444976076555,-0.636942675159236,-0.685871056241424,0,0.0669494761067075,0.0786806751980607,0.130808910075088,-0.0185983413500847,0.0517868562400428,2.01638385722663,-0.764551731439485,1.85364085069046,0.0185983413500847,-0.688729531399279
2024-08-22,0.058343057176202,2.63157894736842,0.480769230769231,1.44020037570445,3.1117397454031,-1.86915887850467,0.0635599666915798,0.0855271563526041,0.122926761215482,-0.0241939697298559,0.0364232163140177,2.56801898067684,3.0262125890505,0.357842469553749,-1.84496490877481,1.40377715939043
2024-08-21,-0.348837209302325,-0.40950040950041,0.240963855421687,-0.125078173858662,-1.25698324022344,2.29445506692159,0.057641747449309,0.0974813867582851,0.10916421350189,-0.0339641610743491,0.00959768544641931,-0.467142156949719,-1.35446462698173,0.131799641919797,2.32841922799594,-0.134675859305081
2024-08-20,-2.82485875706215,1.15990057995028,-1.56546489563568,-0.559701492537313,-0.555555555555574,5.65656565656566,0.021653661644071,0.170173838991635,0.0254755687018002,-0.0933756951939122,-0.153525623629201,1.13824691830621,-0.725729394547209,-1.59094046433748,5.74994135175957,-0.406175868908112
2024-08-19,-2.20994475138122,0.165975103734442,-0.799999999999994,1.83660544648512,-1.36986301369863,1.0204081632653,0.0305912163351073,0.152120843036886,0.0462594426751877,-0.0786209833610676,-0.113014341530558,0.135383887399335,-1.52198385673552,-0.846259442675182,1.09902914662637,1.94961978801568
2024-08-16,0.55555555555556,2.20525869380831,6.14385614385615,0.830140485312899,1.95530726256985,0.616016427104728,0.0707867721575108,0.0709297083534266,0.139732366241287,-0.0122634769040302,0.0691801800499671,2.1344719216508,1.88437755421642,6.00412377761486,0.628279904008758,0.760960305262932
2024-08-15,2.27272727272728,-0.08474576271186,0.099999999999994,-0.254777070063694,2.8735632183908,-2.6,0.0957452476424331,0.020516002083423,0.197772157546482,0.0289396403128608,0.182309539933586,-0.180491010354293,2.85304721630738,-0.0977721575464882,-2.62893964031286,-0.43708660999728
2024-08-14,-1.67597765363128,-1.00671140939598,0.100100100100094,-1.875,-2.24719101123597,8.69565217391305,0.0383522367302589,0.136444332554784,0.0643073400446431,-0.0658085728732036,-0.0778359401142692,-1.04506364612624,-2.38363534379075,0.0357927600554509,8.76146074678625,-1.79716405988573
2024-08-13,0.561797752808977,0.4212299915754,2.46153846153847,0.376411543287327,1.85979971387696,1.0989010989011,0.0708775002574223,0.0707464463676473,0.139943350281062,-0.012113696900929,0.0695914235921735,0.350352491317978,1.78905326750931,2.32159511125741,1.11101479580203,0.306820119695153
2024-08-12,-3.78378378378378,0.593220338983053,-0.408580183861088,2.11402946828956,2.79411764705884,1.11111111111111,0.00771603005371946,0.198326506630329,-0.00693575502994587,-0.116384867708876,-0.216700769926204,0.585504308929334,2.59579114042851,-0.401644428831142,1.22749597881999,2.33073023821576
2024-08-09,0.54347826086957,0.682593856655288,-0.810536980749744,0.064102564102564,1.49253731343283,0,0.0706112330076805,0.0712842804563487,0.13932415799042,-0.0125532686491617,0.0683845131965657,0.611982623647608,1.42125303297648,-0.949861138740164,0.0125532686491617,-0.00428194909400172
2024-08-08,2.22222222222222,-2.1702838063439,0,0.645161290322581,-0.740740740740738,3.44827586206897,0.095011174834053,0.0219987581501879,0.196065104861035,0.0277277839241288,0.178982205819361,-2.26529498117795,-0.762739498890926,-0.196065104861035,3.42054807814484,0.46617908450322
2024-08-07,0,2.04429301533219,3.89473684210527,3.88739946380697,1.96374622356495,-1.13636363636365,0.0627119712653295,0.0872400250878398,0.120954786701372,-0.0255938971800833,0.0325795047935022,1.98158104406686,1.87650619847711,3.7737820554039,-1.11076973918357,3.85481995901347
2024-08-06,2.85714285714286,-0.676818950930624,0.052659294365452,0.134228187919463,-1.19402985074626,-2.00445434298441,0.104239518710831,0.00335839616800127,0.217525195763796,0.0429625499539035,0.220811548969607,-0.781058469641455,-1.19738824691426,-0.164865901398344,-2.04741689293831,-0.0865833610501443
2024-08-05,1.74418604651163,-2.8759244042728,-2.61538461538461,-0.864936793080506,0,-2.39130434782608,0.0880630903454325,0.0360332167356129,0.179907652698782,0.0162574222912455,0.147488601528915,-2.96398749461823,-0.0360332167356129,-2.79529226808339,-2.40756177011733,-1.01242539460942
2024-08-02,-3.37078651685394,-2.48397435897435,0,-2.33918128654971,-3.45821325648414,-4.16666666666667,0.0137187973127717,0.186201497408998,0.00702340522323129,-0.106475098855011,-0.189492007998532,-2.49769315628712,-3.64441475389314,-0.00702340522323129,-4.06019156781166,-2.14968927855118
2024-08-01,-0.558659217877083,2.88540807914262,0,1.58415841584158,0.579710144927535,0,0.0545920597536393,0.103641460910154,0.102072304482463,-0.0389987890777898,-0.00422564350908794,2.83081601938898,0.476068684017381,-0.102072304482463,0.0389987890777898,1.58838405935067
2024-07-31,-0.55555555555556,-0.655200655200653,0,1.4735432016075,0.145137880986937,-0.621118012422365,0.0546371703731485,0.103550341822253,0.102177207161456,-0.0389243174561362,-0.00402117046296335,-0.709837825573801,0.041587539164684,-0.102177207161456,-0.582193694966229,1.47756437207046
2024-07-30,-2.17391304347826,-0.731707317073175,1.2987012987013,0.538720538720539,4.33067074597066,-1.42857142857143,0.0311149242959262,0.151063003613804,0.0474773015451799,-0.0777564113037688,-0.110640528818752,-0.762822241369101,4.17960774235686,1.25122399715612,-1.35081501726766,0.649361067539291
2024-07-29,-1.55163188871053,-3.1496062992126,-0.77319587628866,-0.134498991257566,-1.75953079178887,0,0.0401595578585972,0.132793718695992,0.0685101825288951,-0.0628249265225102,-0.069643889983783,-3.1897658570712,-1.89232451048486,-0.841706058817555,0.0628249265225102,-0.064855101273783
2024-07-26,-1.63157894736842,-0.78125,1.04166666666667,0.745257452574526,3.49013657056147,0.204498977505126,0.0389975560135563,0.135140850023642,0.0658080004736196,-0.0647432367276493,-0.0749108993807476,-0.820247556013556,3.35499572053783,0.97585866619305,0.269242214232775,0.820168351955274
2024-07-25,0,-0.775193798449612,0.78740157480315,-1.27090301003344,-2.08023774145616,-1.80722891566267,0.0627119712653296,0.0872400250878402,0.120954786701372,-0.0255938971800833,0.0325795047935018,-0.837905769714942,-2.167477766544,0.666446788101778,-1.78163501848259,-1.30348251482694
2024-07-23,0,0,1.70848905499199,2.81980742778542,1.96969696969696,-0.399999999999992,0.0627119712653295,0.0872400250878398,0.120954786701372,-0.0255938971800832,0.0325795047935022,-0.0627119712653295,1.88245694460912,1.58753426829062,-0.374406102819909,2.78722792299192
2024-07-22,0.529100529100534,0.938967136150237,-3.70179948586118,-2.35057085292142,-2.07715133531159,0.603621730382299,0.0704022578293114,0.0717063901026846,0.138838195787006,-0.0128982588219374,0.0674372907520406,0.868564878320926,-2.14885772541427,-3.84063768164819,0.616519989204236,-2.41800814367346
2024-07-19,0.53191489361701,1.42857142857143,1.83246073298429,-1.25994694960212,-3.98860398860398,-1.97238658777121,0.0704431636089067,0.0716237643846793,0.138933320303419,-0.0128307288306713,0.0676227045071378,1.35812826496252,-4.06022775298866,1.69352741268087,-1.95955585894054,-1.32756965410926
2024-07-18,-1.82767624020887,4.30463576158941,2.13903743315508,1.75438596491228,-2.90456431535269,-0.782778864970646,0.036147352142228,0.140897986146222,0.0591799819486463,-0.0694485435190563,-0.0878300273818131,4.26848840944718,-3.04546230149891,2.07985745120643,-0.71333032145159,1.84221599229409
2024-07-17,-0.260416666666661,-0.412201154163232,-0.266666666666667,-1.13408939292862,1.83098591549295,1.79282868525898,0.0589269083471198,0.0948854860570958,0.112152796292037,-0.031842531684483,0.0154229382670343,-0.471128062510352,1.73610042943585,-0.378819462958704,1.82467121694346,-1.14951233119565
2024-07-16,-0.25974025974027,-0.573770491803281,-0.371944739638676,-3.22788896061975,-0.140646976090014,0.803212851405605,0.0589367396793747,0.0948656277169164,0.112175658604788,-0.0318263014649913,0.015467500777492,-0.632707231482656,-0.23551260380693,-0.484120398243464,0.835039152870596,-3.24335646139724
2024-07-15,1.31578947368421,-0.570497147514265,-2.23376623376624,-1.0223642172524,2.15517241379312,4.18410041841004,0.0818364996941789,0.0486103275589671,0.165428001401173,0.00597815084214748,0.119265314611445,-0.652333647208444,2.10656208623415,-2.39919423516741,4.17812226756789,-1.14162953186384
2024-07-12,0.475938656795346,0.65627563576702,0,2.15404699738903,2.35294117647058,-6.09037328094302,0.0696295690682555,0.0732671466585701,0.137041343472744,-0.0141738650028191,0.0639349219883587,0.586646066698765,2.27967402981201,-0.137041343472744,-6.0761994159402,2.09011207540067
2024-07-11,0.052910052910058,0.329218106995889,2.12201591511936,2.81879194630872,0.890207715133506,-0.196078431372545,0.0634809999217278,0.0856866615893243,0.122743127609935,-0.0243243333442685,0.0360652833893562,0.265737107074161,0.804521053544182,1.99927278750942,-0.171754098028276,2.78272666291936
2024-07-10,-1.04712041884818,-1.21951219512195,-0.945874934314246,0.336700336700337,-1.60583941605839,-1.35396518375242,0.0474924512591246,0.117981983330713,0.0855624901863471,-0.0507192966532726,-0.0364060611349144,-1.26700464638107,-1.7238213993891,-1.03143742450059,-1.30324588709915,0.373106397835251
2024-07-09,-2.05128205128205,0.408163265306122,0.052576235541547,-1.26329787234043,5.3846153846154,0,0.0328973218172771,0.147462733030287,0.0516221853232216,-0.074813910507048,-0.102561449999599,0.375265943488845,5.23715265158511,0.000954050218325356,0.074813910507048,-1.16073642234083
2024-07-08,0.515463917525778,2.94117647058824,1.71122994652406,2.31292517006803,0,-0.385356454720625,0.0702040545673532,0.0721067415198277,0.138377283181706,-0.0132254659961164,0.0665388942067175,2.87097241602089,-0.0721067415198277,1.57285266334235,-0.372130988724509,2.24638627586131
2024-07-05,0.518134715025911,0.591715976331364,-0.531914893617021,-0.608519269776876,-2.40240240240241,-5.63636363636363,0.0702428736518195,0.0720283307241392,0.138467555184195,-0.0131613808604483,0.0667148495922776,0.521473102679544,-2.47443073312655,-0.670382448801216,-5.62320225550318,-0.675234119369154
2024-07-04,1.57894736842105,1.37103684661525,-0.26525198938992,2.70833333333333,0,0,0.0856614053799487,0.0408843880531924,0.174322644341133,0.0122925604465936,0.136602476575034,1.2853754412353,-0.0408843880531924,-0.439574633731053,-0.0122925604465936,2.5717308567583
2024-07-03,-1.55440414507772,-0.08561643835616,1.01822079314041,0.699300699300699,-2.05882352941176,-0.362318840579702,0.0401192641058598,0.132875108178944,0.0684164812529031,-0.0628914461389878,-0.0698265296028248,-0.12573570246202,-2.1916986375907,0.949804311887507,-0.299427394440714,0.769127228903524
2024-07-02,0,-1.93115029387069,0.919415900486744,-0.694444444444444,2.71903323262839,-3.15789473684212,0.0627119712653297,0.0872400250878402,0.120954786701372,-0.0255938971800833,0.0325795047935018,-1.99386226513602,2.63179320754055,0.798461113785372,-3.13230083966204,-0.727023949237946
2024-07-01,0,0,1.03825136612022,0.208768267223382,2.95489891135303,-4.04040404040404,0.0627119712653295,0.0872400250878402,0.120954786701372,-0.0255938971800829,0.0325795047935019,-0.0627119712653295,2.86765888626519,0.917296579418848,-4.01481014322396,0.17618876242988
2024-06-28,1.04712041884816,-0.418060200668896,-2.13903743315508,0.630252100840336,-0.924499229583984,0.507614213197974,0.0779314912715341,0.0564980668449674,0.156347083216396,-0.0004684977068945,0.101565070721917,-0.49599169194043,-0.980997296428951,-2.29538451637148,0.508082710904868,0.528687030118419
2024-06-27,0.526315789473689,3.103448276,2.465753425,1.348474095,0.154320987654332,-3.114754098,0.0703617826368697,0.0717881460762906,0.138744072581292,-0.0129650779711912,0.0672538287206794,3.03308649336313,0.0825328415780414,2.32700935241871,-3.10178902002881,1.28122026627932
2024-06-26,-0.523560209424088,3.479036574,0.550964187,2.846715328,-1.81818181818182,-4.088050314,0.0551022112622275,0.102611004209276,0.10325863844386,-0.0381565969166777,-0.00191327817070608,3.42393436273777,-1.9207928223911,0.44770554855614,-4.04989371708332,2.84862860617071
2024-06-25,0,0.538116592,0.721420644,0.735294118,-2.51107828655836,-3.343465046,0.0627119712653296,0.0872400250878402,0.120954786701372,-0.0255938971800833,0.0325795047935019,0.47540462073467,-2.5983183116462,0.600465857298628,-3.31787114881992,0.702714613206498
2024-06-24,-2.05128205128205,1.548269581,0.670391061,0.740740741,5.61622464898599,-2.518518519,0.032897321817277,0.147462733030287,0.0516221853232216,-0.0748139105070478,-0.102561449999599,1.51537225918272,5.4687619159557,0.618768875676778,-2.44370460849295,0.843302190999599
2024-06-21,0,-5.18134715,-3.815153143,-4.593639576,-1.38461538461539,-3.29512894,0.0627119712653297,0.0872400250878398,0.120954786701372,-0.0255938971800833,0.0325795047935014,-5.24405912126533,-1.47185540970323,-3.93610792970137,-3.26953504281992,-4.6262190807935
2024-06-20,0,0.783289817,0.269396552,0.354609929,-3.84615384615384,0.431654676,0.0627119712653296,0.0872400250878402,0.120954786701372,-0.0255938971800831,0.0325795047935019,0.72057784573467,-3.93339387124168,0.148441765298628,0.457248573180083,0.322030424206498
2024-06-19,3.06553911205076,-0.605536332,-1.171458999,1.293103448,-3.15186246418339,3.731343284,0.107268483587935,-0.0027598198948624,0.224568914818033,0.0479629673452839,0.234540947540593,-0.712804815587935,-3.14910264428853,-1.39602791381803,3.68338031665472,1.05856250045941
2024-06-18,-2.97435897435899,-0.344827586,-0.106382979,-1.971830986,2.94985250737464,-1.033973412,0.0194807295656533,0.17456295160439,0.0204225147030534,-0.0969629165041825,-0.163374879656496,-0.364308315565653,2.77528955577025,-0.126805493703053,-0.937010495495817,-1.8084561063435
2024-06-14,0.515463917525778,-0.086132644,0,-1.388888889,-3.14285714285715,-0.441176471,0.070204054567353,0.072106741519828,0.138377283181706,-0.0132254659961164,0.0665388942067171,-0.156336698567353,-3.21496388437698,-0.138377283181706,-0.427951005003884,-1.45542778320672
2024-06-13,-0.512820512820517,-1.693480102,3.01369863,2.127659574,0.864553314121034,-2.857142857,0.0552583089033165,0.102295702073452,0.103621636356835,-0.0378989005118249,-0.00120573390477352,-1.74873841090332,0.762257612047582,2.91007699364317,-2.81924395648818,2.12886530790477
2024-06-11,0,-0.756302521,1.388888889,-2.422145329,-0.287356321839058,-0.709219858,0.0627119712653296,0.0872400250878398,0.120954786701372,-0.0255938971800831,0.0325795047935022,-0.81901449226533,-0.374596346926898,1.26793410229863,-0.683625960819917,-2.4547248337935
2024-06-10,-1.51515151515151,-0.667779633,-0.826446281,-1.02739726,-1.83356840620594,-3.819918145,0.0406897870139273,0.131722707090784,0.0697432061379656,-0.0619495888420456,-0.0672405186332203,-0.708469420013927,-1.96529111329672,-0.896189487137966,-3.75796855615795,-0.96015674136678
2024-06-07,4.76190476190477,-0.166666667,1.057906459,1.813110181,0.282885431400282,-2.396804261,0.131924550341166,-0.0525626897785576,0.281905468472079,0.088666848043228,0.346299578420344,-0.298591217341166,0.33544812117884,0.776000990527921,-2.48547110904323,1.46681060257966
2024-06-06,-2.07253886010363,1.65,0.335195531,0.561009818,-1.80555555555555,-2.340702211,0.0325883617193699,0.148086802542645,0.05090371277008,-0.075323962458623,-0.103961874401601,1.61741163828063,-1.9536423580982,0.28429181822992,-2.26537824854138,0.664971692401601
2024-06-05,-1.53061224489796,0,0.280112045,0.706214689,1.12359550561797,0.522875817,0.0404650708480965,0.132176612009182,0.0692206389893592,-0.0623205652875761,-0.0682590903008403,-0.0404650708480965,0.991418893608788,0.210891406010641,0.585196382287576,0.77447377930084
2024-06-04,1.03092783505154,-0.826446281,-1.544401544,0.425531915,-1.38504155124655,0.393700787,0.0776961378693763,0.0569734579518157,0.15579977966204,-0.000857034812149937,0.100498283619931,-0.904142418869376,-1.44201500919837,-1.70020132366204,0.39455782181215,0.325033631380069
2024-06-03,0.518134715025911,0.665557404,-1.252723312,-4.72972973,-3.73333333333332,-2.307692308,0.0702428736518195,0.0720283307241392,0.138467555184195,-0.0131613808604483,0.0667148495922776,0.59531453034818,-3.80536166405746,-1.3911908671842,-2.29453092713955,-4.79644457959228
2024-05-31,-3.98009950248757,0,4.258943782,7.246376812,4.60251046025105,6.849315068,0.00486265144075013,0.204090055423933,-0.0135711562711585,-0.121095415575687,-0.229634288088636,-0.00486265144075013,4.39842040482712,4.27251493827116,6.97041048357569,7.47601110008864
2024-05-30,1.51515151515151,-0.496688742,-4.604550379,-1.428571429,0,-5.440414508,0.0847341555167317,0.0427573430848954,0.172166367264779,0.0107617944818799,0.132399528220224,-0.581422897516732,-0.0427573430848954,-4.77671674626478,-5.45117630248188,-1.56097095722022
2024-05-29,2.59067357512954,-1.788617886,0.87431694,-0.709219858,-0.416666666666665,0.783289817,0.100366483197779,0.0111815532693333,0.208518629115487,0.0365686844180915,0.20325622878738,-1.88898436919778,-0.427848219935998,0.665798310884513,0.746721132581909,-0.91247608678738
2024-05-28,-1.07637109174782,1.56895128,-1.506996771,0.142045455,0,11.337209302,0.0470673032117963,0.118840741262151,0.0845738278798027,-0.0514211594268694,-0.0383331310186135,1.5218839767882,-0.118840741262151,-1.5915705988798,11.3886304614269,0.180378586018613
2024-05-27,0.051282051282041,-1.544715447,0.704607046,-0.845070423,-0.138696255201109,6.832298137,0.0634573375015306,0.085734457389279,0.122688101735826,-0.0243633968469092,0.0359580286633288,-1.60817278450153,-0.224430712590388,0.581918944264174,6.85666153384691,-0.881028451663329
2024-05-24,-2.98507462686567,-0.806451613,-1.547491996,1.428571429,0.138888888888888,-0.923076923,0.0193249813968952,0.17487754783991,0.0200603294719739,-0.0972200359767856,-0.164080839868101,-0.825776594396895,-0.0359886589510218,-1.56755232547197,-0.825856887023214,1.5926522688681
2024-05-23,0,-0.720576461,0,-1.408450704,0,-0.153609831,0.0627119712653296,0.0872400250878399,0.120954786701372,-0.0255938971800832,0.0325795047935018,-0.78328843226533,-0.0872400250878399,-0.120954786701372,-0.128015933819917,-1.4410302087935
2024-05-22,0,-0.239616613,-0.583554377,-1.114206128,2.85714285714285,3.827751196,0.0627119712653295,0.0872400250878402,0.120954786701372,-0.0255938971800833,0.0325795047935018,-0.30232858426533,2.76990283205501,-0.704509163701372,3.85334509318008,-1.1467856327935
2024-05-21,1.25944584382872,-1.105845182,0,-1.845522898,0,1.620745543,0.0810175652274525,0.0502644959670042,0.16352360681705,0.00462619916361384,0.115553327793045,-1.18686274722745,-0.0502644959670042,-0.16352360681705,1.61611934383639,-1.96107622579304
2024-05-20,-0.25125628140703,2.926829268,1.018220793,0.480769231,3.55029585798818,-3.59375,0.0590600512638408,0.0946165502441074,0.112462414045129,-0.0316227304707604,0.0160264355820357,2.86776921673616,3.45567930774407,0.905758378954871,-3.56212726952924,0.464742795417964
2024-05-17,-0.25062656641605,-2.070063694,0.322580645,-0.884955752,0.148148148148148,4.918032787,0.0590692039455485,0.0945980627123874,0.112483698187124,-0.0316076206128892,0.0160679219710358,-2.12913289794555,0.0535500854357606,0.210096946812876,4.94964040761289,-0.901023673971036
2024-05-16,0.757575757575756,0.802568218,0,0.616438356,0.746268656716416,3.741496599,0.0737230633910307,0.0649986840863677,0.146560576983075,-0.00741605134910239,0.0824895165068629,0.728845154608969,0.681269972630048,-0.146560576983075,3.7489126503491,0.533948839493137
2024-05-15,0.507614213197974,-1.812450749,-0.214592275,-0.273224044,0,-3.921568627,0.070089961928236,0.072337197614772,0.138111965976422,-0.0134138177400351,0.0660217461445869,-1.88254071092824,-0.072337197614772,-0.352704240976422,-3.90815480925996,-0.339245790144587
2024-05-14,0.510204081632657,0.714285714,0.215053763,0.273972603,-3.45821325648416,-3.470031546,0.0701276047377406,0.0722611627807259,0.138199502605376,-0.0133516744775855,0.0661923698249495,0.644158109262259,-3.53047441926489,0.0768542603946235,-3.45667987152241,0.20778023317505
2024-05-13,1.55440414507772,3.109656301,-0.534759358,3.914590747,-2.25352112676056,-3.647416413,0.0853046784247997,0.0416049419967366,0.173493092149841,0.0117036517788214,0.134985539189829,3.0243516225752,-2.2951260687573,-0.708252450149841,-3.65912006477882,3.77960520781017
2024-05-10,-0.515463917525778,-0.650406504,0.321888412,3.6900369,-1.93370165745858,0.458015267,0.055219887963306,0.102373308655852,0.103532290221038,-0.0379623283640501,-0.00137988461971306,-0.705626391963306,-2.03607496611443,0.218356121778962,0.49597759536405,3.69141678461971
2024-05-09,-0.512820512820517,-1.125401929,-0.53361793,-0.950292398,-0.957592339261263,12.157534247,0.0552583089033165,0.102295702073452,0.103621636356834,-0.0378989005118235,-0.00120573390477374,-1.18066023790332,-1.05988804133472,-0.637239566356834,12.1954331475118,-0.949086664095226
2024-05-08,-0.510204081632642,-0.48,0,1.333333333,-2.14190093708167,-5.806451613,0.0552963377929186,0.102218887394954,0.103710070797368,-0.0378361198825807,-0.00103336023794487,-0.535296337792919,-2.24411982447662,-0.103710070797368,-5.76861549311742,1.33436669323794
2024-05-07,-0.507614213197974,-1.57480315,0.213903743,0.29717682,2.32876712328766,3.333333333,0.0553339806024231,0.102142852560908,0.103797607426322,-0.0377739766201319,-0.000862736557583066,-1.63013713060242,2.22662427072675,0.110106135573678,3.37110730962013,0.298039556557583
2024-05-06,0.05078720162518,0.71371927,2.465753425,0.447761194,-1.61725067385444,16.054158607,0.0634501450391194,0.0857489854676297,0.122671375993999,-0.0243752706439295,0.035925427366464,0.650269124960881,-1.70299965932207,2.343082049006,16.0785338776439,0.411835766633536
2024-05-03,3.0890052356021,-1.098039216,0,0.449775112,-0.268817204301074,1.37254902,0.107609555283634,-0.00344875172863479,0.225362061420694,0.048526031265824,0.236086924282328,-1.20564877128363,-0.265368452572439,-0.225362061420694,1.32402298873418,0.213688187717672
2024-05-02,-2.05128205128205,0,-1.08401084,-0.447761194,-2.10526315789473,18.055555556,0.0328973218172771,0.147462733030288,0.0516221853232215,-0.07481391050705,-0.102561449999599,-0.0328973218172771,-2.25272589092502,-1.13563302532322,18.1303694665071,-0.345199744000401
2024-04-30,1.88087774294671,-1.162790698,0.544959128,-2.898550725,1.33333333333333,0,0.0900498551636222,0.0320201439807362,0.184527783262842,0.0195373062623532,0.156494016633572,-1.25284055316362,1.30131318935259,0.360431344737158,-0.0195373062623532,-3.05504474163357
2024-04-29,-0.82901554404144,3.2,-0.380021716,1.02489019,1.48849797023004,-0.230946882,0.0506625274469461,0.111578736069762,0.0929343571288557,-0.0454859232914988,-0.0220370468845383,3.14933747255305,1.37691923416028,-0.472956073128856,-0.185460958708501,1.04692723688454
2024-04-26,-0.258397932816547,1.050929669,3.774647887,1.185185185,2.35457063711911,9.898477157,0.058956249920129,0.0948262189178002,0.11222102877583,-0.0317940926573161,0.0155559349067733,0.991973419079871,2.25974441820131,3.66242685822417,9.93027124965732,1.16962925009323
2024-04-25,2.43515087347803,-0.241935484,1.13960114,1.123595506,-3.08724832214764,14.868804665,0.0981060164676892,0.0157474774113235,0.203262017294544,0.0328369550622245,0.193010204170701,-0.340041500467689,-3.10299579955896,0.936339122705456,14.8359677099378,0.930585301829299
2024-04-24,-2.42768595041322,-0.8,0.285714286,-0.964391691,-0.666666666666664,-0.579710145,0.0274264260443327,0.158513413297103,0.0388998678440957,-0.0838456304111823,-0.12735939637886,-0.827426426044333,-0.825180079963767,0.246814418155904,-0.495864514588818,-0.83703229462114
2024-04-23,0.310880829015544,3.305785124,0,3.692307692,5.63380281690141,12.377850163,0.0672305126972237,0.0781130084696189,0.131462447791066,-0.0181343873883026,0.0530607116727677,3.23855461130278,5.55568980843179,-0.131462447791066,12.3959845503883,3.63924698032723
2024-04-22,2.17046056114345,-2.419354839,0,0,-1.38888888888888,0.326797386,0.0942588376413456,0.0235184065065972,0.19431557918659,0.0264857754706688,0.175572084673179,-2.51361367664135,-1.41240729539548,-0.19431557918659,0.300311610529331,-0.175572084673179
2024-04-19,1.50456743686191,0,-0.057110223,0,-2.70270270270271,-4.375,0.0845803197320634,0.0430680764895368,0.171808629195287,0.0105078321005756,0.131702236277964,-0.0845803197320634,-2.74577077919225,-0.228918852195287,-4.38550783210058,-0.131702236277964
2024-04-18,-1.53439153439153,5.084745763,-2.722222222,0,1.36986301369863,-3.614457831,0.0404101402297821,0.13228756654479,0.0690929003530334,-0.062411248418706,-0.068508074486258,5.04433562277022,1.23757544715384,-2.79131512235303,-3.55204658258129,0.068508074486258
2024-04-17,0.052938062466903,2.164502165,4.106419896,1.088646967,1.3888888888889,0.606060606,0.063481407030598,0.0856858392687854,0.122744074322962,-0.0243236612617723,0.0360671286930054,2.1010207579694,1.30320304962011,3.98367582167704,0.630384267261772,1.05257983830699
2024-04-16,-0.052910052910042,-1.282051282,-2.316384181,-4.95195861,-2.57104194857917,-16.455696203,0.0619429426089315,0.0887933885863554,0.119166445792809,-0.0268634610158962,0.0290937261976483,-1.34399422460893,-2.65983533716553,-2.43555062679281,-16.4288327419841,-4.98105233619765
2024-04-15,0,-1.265822785,-1.282766313,0.222222222,2.35457063711911,-2.469135802,0.0627119712653297,0.0872400250878402,0.120954786701372,-0.0255938971800833,0.0325795047935019,-1.32853475626533,2.26733061203127,-1.40372109970137,-2.44354190481992,0.189642717206498
2024-04-12,-0.787401574803149,0.85106383,1.875,0,-1.23119015047877,3.846153846,0.0512673715756243,0.110357009435827,0.0943408944400741,-0.0444874062327569,-0.0192954680109365,0.799796458424376,-1.3415471599146,1.78065910555993,3.89064125223276,0.0192954680109365
2024-04-11,0.847008999470608,2.620087336,-1.675977654,-3.017241379,0.136986301369842,-7.582938389,0.0750229435096288,0.0623730519829649,0.149583388646823,-0.00527012248710701,0.0883814871855706,2.54506439249037,0.0746132493868771,-1.82556104264682,-7.57766826651289,-3.10562286618557
2024-04-08,-0.578947368421047,0.262697023,1.129943503,3.880597015,-0.815217391304325,0.715990453,0.0542971787566358,0.104237092000544,0.10138657223346,-0.0394855983098645,-0.00556225152639245,0.208399844243364,-0.919454483304869,1.02855693076654,0.755476051309865,3.88615926652639
2024-04-05,0.902814657461491,-1.381692573,-1.39275766,-1.10701107,-1.86666666666668,-0.238095238,0.0758340587481086,0.0607346776596382,0.151469599973885,-0.00393107931246675,0.0920580317636464,-1.45752663174811,-1.92740134432632,-1.54422725997388,-0.234164158687533,-1.19906910176365
2024-04-04,-0.894736842105257,0.695652174,2.5128498,-0.147383935,-1.18577075098816,0,0.049707291933712,0.113508219407473,0.0907130007055081,-0.0470628898352,-0.026366845882699,0.645944882066288,-1.29927897039563,2.42213679929449,0.0470628898352,-0.121017089117301
2024-04-03,0.529100529100534,-1.709401709,-2.287946429,0.518518519,-1.81112548512287,0,0.0704022578293113,0.0717063901026842,0.138838195787006,-0.0128982588219374,0.0674372907520402,-1.77980396682931,-1.88283187522555,-2.42678462478701,0.0128982588219374,0.45108122824796
2024-04-02,-0.526315789473689,-0.931414056,-2.076502732,-1.531728665,1.71052631578947,0,0.0550621598937897,0.102691904099389,0.103165500821452,-0.0382227163889756,-0.00209481913367582,-0.98647621589379,1.60783441169008,-2.17966823282145,0.0382227163889756,-1.52963384586632
2024-04-01,-1.50336962156559,0,2.521008403,0.072992701,-5,0.238663484,0.0408610326146377,0.131376807541773,0.0701414299370589,-0.0616668851743793,-0.0664643131633401,-0.0408610326146377,-5.13137680754177,2.45086697306294,0.300330369174379,0.13945701416334
2024-03-27,-0.361570247933874,0.084745763,-1.108033241,-0.363636364,8.69565217391306,-2.102803738,0.057456677296245,0.0978552105658146,0.10873384133965,-0.0342696872357786,0.00875881738485296,0.027289085703755,8.59779696334725,-1.21676708233965,-2.06853405076422,-0.372395181384853
2024-03-26,2.43386243386244,-1.006711409,3.341199334,3.383458647,1.37741046831955,0.234192037,0.0980872894596458,0.0157853041561256,0.203218468495289,0.0328060392673871,0.192925320202778,-1.10479869845965,1.36162516416342,3.13798086550471,0.201385997732613,3.19053332679722
2024-03-25,-0.526315789473689,-1.893004115,-1.043956044,-0.597907324,2.83286118980169,-0.697674419,0.0550621598937897,0.10269190409939,0.103165500821452,-0.0382227163889756,-0.00209481913367571,-1.94806627489379,2.7301692857023,-1.14712154482145,-0.659451702611024,-0.595812504866324
2024-03-22,2.59179265658749,-0.816326531,1.449275362,-2.264426589,-0.703234880450068,2.137767221,0.100382748645698,0.011148698637878,0.208556453669446,0.0365955365051751,0.203329955234031,-0.916709279645698,-0.714383579087946,1.24071890833055,2.10117168449482,-2.46775654423403
2024-03-21,-2.32067510548524,0.574712644,0.786516854,1.784386617,1.57142857142857,0.477326969,0.0289817903233082,0.155371727902477,0.0425167962181794,-0.0812779312446085,-0.120309391847428,0.545730853676692,1.41605684352609,0.744000057781821,0.558604900244609,1.90469600884743
2024-03-20,-1.14702815432744,-0.733496333,0.849858357,1.532846715,1.3808831908951,-1.643192488,0.0460403281302739,0.120915131588505,0.0821856443770408,-0.0531165584382534,-0.0429881041823079,-0.779536661130274,1.25996805930659,0.767672712622959,-1.59007592956175,1.57583481918231
2024-03-19,-0.104166666666646,1.825726141,-0.563380282,2.086438152,1.15606936416185,-0.699300699,0.0611979460980461,0.0902982094755418,0.117433990537639,-0.0280933509818426,0.0257168781829162,1.76452819490195,1.06577115468631,-0.680814272537639,-0.671207348018157,2.06072127381708
2024-03-18,1.05263157894736,1.773648649,0,-0.959409594,-0.288184438040347,2.142857143,0.078011594008409,0.0563362670647418,0.156533358461212,-0.000336258762299035,0.101928152647856,1.69563705499159,-0.344520705105089,-0.156533358461212,2.1431934017623,-1.06133774664786
2024-03-15,-1.04166666666666,-1.415487094,-2.472527473,-3.214285714,0.144300144300145,0,0.0475717195924905,0.117821868964864,0.0857468250640303,-0.0505884351976824,-0.0360467613123689,-1.46305881359249,0.0264782753352809,-2.55827429806403,0.0505884351976824,-3.17823895268763
2024-03-14,1.80275715800637,0.083333333,-0.273972603,0.71942446,-2.53164556962024,-2.097902098,0.088914400459469,0.0343136526516745,0.181887335367483,0.0176628218493144,0.151347337545128,-0.00558106745946899,-2.56595922227191,-0.455859938367483,-2.11556491984931,0.568077122454872
2024-03-13,0.319148936170197,1.608806097,0.606394708,-0.714285714,1.57142857142855,2.877697842,0.0673506866714759,0.0778702686659434,0.1317419068626,-0.0179359961704364,0.0536054246216828,1.54145541032852,1.49355830276261,0.4746528011374,2.89563383817044,-0.767891138621683
2024-03-12,-1.57068062827225,0.084745763,0.220994475,6.302201974,-0.142653352353781,-0.477326969,0.0398826912560224,0.133352962452149,0.0678663419288354,-0.0632819963898664,-0.070898844099121,0.0448630717439776,-0.27600631480593,0.153128133071165,-0.414044972610134,6.37310081809912
2024-03-11,-2.05128205128205,-0.084674005,-0.821917808,1.307692308,-2.09497206703909,-4.772727273,0.0328973218172771,0.147462733030288,0.0516221853232216,-0.0748139105070482,-0.102561449999599,-0.117571326817277,-2.24243480006938,-0.873539993323222,-4.69791336249295,1.4102537579996
2024-03-08,0,0.94017094,-0.054764513,1.72143975,5.60471976401179,-0.677200903,0.0627119712653296,0.0872400250878398,0.120954786701372,-0.0255938971800831,0.0325795047935018,0.87745896873467,5.51747973892395,-0.175719299701372,-0.651607005819917,1.6888602452065
2024-03-07,2.60804120419898,-0.763358779,-0.490463215,-0.930232558,-2.16450216450217,-2.637362637,0.100618915461848,0.0106716645134464,0.209105648780775,0.036985416448541,0.204400429300162,-0.863977694461848,-2.17517382901562,-0.699568863780775,-2.67434805344854,-1.13463298730016
2024-03-06,-0.05000000000001,1.375752365,-1.608579088,0.702576112,-5.06849315068492,3.409090909,0.0619852391850331,0.0887079535939375,0.119264804542779,-0.0267936350049283,0.0292854440204193,1.31376712581497,-5.15720110427886,-1.72784389254278,3.43588454400493,0.673290667979581
2024-03-05,1.01010101010101,-3.083333333,0,-0.311284047,0.550964187327825,-1.785714286,0.0773934274329311,0.0575849037525434,0.15509584041031,-0.00135676940544149,0.0991261870779835,-3.16072676043293,0.493379283575282,-0.15509584041031,-1.78435751659456,-0.410410234077984
2024-03-04,1.53846153846155,-1.639344262,-1.790416008,-0.077760498,2.25352112676055,0.448430493,0.085072958351369,0.0420729941310038,0.172954237734985,0.0113211128151406,0.133935220888329,-1.72441722035137,2.21144813262955,-1.96337024573499,0.437109380184859,-0.211695718888329
2024-03-01,0.515463917525773,-2.478017586,-2.615384615,-2.056359482,5.97014925373136,-0.446428571,0.0702040545673532,0.0721067415198284,0.138377283181706,-0.0132254659961165,0.0665388942067171,-2.54822164056735,5.89804251221153,-2.75376189818171,-0.433203105003883,-2.12289837620672
2024-02-29,0.103199174406595,3.217821782,4.838709677,1.233616037,-0.29761904761907,-0.222717149,0.0642119342793568,0.0842102448894971,0.124442881971944,-0.0231176581195163,0.0393783918380457,3.15360984772064,-0.381829292508567,4.71426679502806,-0.199599490880484,1.19423764516195
2024-02-28,0.414507772020734,-0.574241181,0.703844071,0.777000777,-2.74963820549926,-0.663716814,0.0687366931745216,0.075070669596879,0.134965001487631,-0.0156478841243751,0.0598877806325228,-0.642977874174522,-2.82470887509614,0.568879069512369,-0.648068929875625,0.717112996367477
2024-02-27,-0.258397932816545,0.660611065,-0.965147453,-0.540958269,-2.53878702397744,1.573033708,0.0589562499201289,0.0948262189178002,0.112221028775829,-0.0317940926573175,0.0155559349067735,0.601654815079871,-2.63361324289524,-1.07736848177583,1.60482780065732,-0.556514203906774
2024-02-26,0,0.916666667,1.08401084,0.310077519,2.1613832853026,5.952380952,0.0627119712653296,0.0872400250878402,0.120954786701372,-0.0255938971800829,0.0325795047935019,0.85395469573467,2.07414326021476,0.963056053298628,5.97797484918008,0.277498014206498
2024-02-23,1.5748031496063,0.840336134,1.095890411,-0.61633282,-0.573065902578798,0.71942446,0.0856011706447398,0.0410060563918659,0.174182571223968,0.0121931209252638,0.136329450402379,0.75473496335526,-0.614071958970664,0.921707839776032,0.707231339074736,-0.752662270402379
2024-02-22,1.43769968051118,-0.833333333,-1.08401084,0.776397516,-0.427960057061342,-3.023255814,0.0836084208585133,0.0450312182032567,0.16954852289093,0.00890335656944652,0.127296907214385,-0.916941753858513,-0.472991275264599,-1.25355936289093,-3.03215917056945,0.649100608785615
2024-02-21,2.62295081967214,1.867572156,0.27173913,0.546448087,-0.988700564971754,0,0.100835621379233,0.0102339395220863,0.209609588463598,0.0373431690412818,0.205382692889599,1.76673653462077,-0.99893450449384,0.0621295415364024,-0.0373431690412818,0.341065394110401
2024-02-20,-3.53189246178175,0.942587832,1.098901099,0.866141732,-1.66666666666667,1.176470588,0.0113771801426618,0.190931337590223,0.00157808177180785,-0.110340796773757,-0.200105863468472,0.931210651857338,-1.85759800425689,1.09732301722819,1.28681138477376,1.06624759546847
2024-02-19,1.06553010122536,1.47826087,-1.35501355,-2.307692308,0.981767180925669,-1.847575058,0.0781990694069656,0.0559575848939736,0.156969323911653,-0.0000267618610685361,0.10277792297319,1.40006180059303,0.925809596031695,-1.51198287391165,-1.84754829613893,-2.41047023097319
2024-02-16,-0.529941706412294,0.436681223,1.933701657,0,-1.24653739612189,0.231481481,0.0550094584905941,0.102798355836087,0.103042946122756,-0.0383097193829953,-0.00233369894875393,0.381671764509406,-1.34933575195798,1.83065871087724,0.269791200382995,0.00233369894875393
2024-02-15,-0.15873015873016,0,0.05527916,0.308641975,1.54711673699018,-0.689655172,0.060404885296135,0.0919001155833863,0.115589763975682,-0.0294025886875269,0.0221221690059404,-0.060404885296135,1.45521662140679,-0.0603106039756818,-0.660252583312473,0.28651980599406
2024-02-14,0,0.881057269,1.743532058,0.154559505,-0.140449438202268,-1.136363636,0.0627119712653296,0.0872400250878399,0.120954786701372,-0.0255938971800833,0.0325795047935019,0.81834529773467,-0.227689463290108,1.62257727129863,-1.11076973881992,0.121980000206498
2024-02-13,0.531914893617021,-0.959860384,-1.222222222,0.387897595,0.423131170662907,-0.22675737,0.0704431636089069,0.0716237643846784,0.138933320303419,-0.0128307288306708,0.0676227045071385,-1.03030354760891,0.351507406278229,-1.36115554230342,-0.213926641169329,0.320274890492861
2024-02-12,2.67613326051338,1.058201058,-1.907356948,-0.463320463,-1.52777777777778,1.612903226,0.101608609096588,0.00867257910339259,0.21140713598704,0.038619268759178,0.208886416733436,0.956592448903412,-1.53645035688117,-2.11876408398704,1.57428395724082,-0.672206879733437
2024-02-08,1.72222222222222,0.710479574,-1.344086022,-0.384615385,-0.41493775933608,3.333333333,0.0877438540310901,0.0366780432111596,0.179165283275111,0.0157304056756806,0.146041598088543,0.62273571996891,-0.45161580254724,-1.52325130527511,3.31760292732432,-0.530656983088543
2024-02-07,-2.17391304347826,-1.401050788,1.917808219,0.775193798,-1.63265306122449,0,0.0311149242959263,0.151063003613804,0.0474773015451799,-0.0777564113037687,-0.110640528818752,-1.43216571229593,-1.78371606483829,1.87033091745482,0.0777564113037687,0.885834326818752
2024-02-06,-2.07557211282597,-0.695652174,-1.030368764,1.176470588,4.40340909090908,-2.325581395,0.0325442744781503,0.148175854505391,0.0508011899104148,-0.0753967446190891,-0.104161708777751,-0.72819644847815,4.25523323640369,-1.08116995391041,-2.25018465038091,1.28063229677775
2024-02-05,-1.10526315789473,-0.947459087,1.597796143,-0.855365474,3.22580645161291,1.895734597,0.0466473673850961,0.119688971012093,0.0835972863535397,-0.0521144175187569,-0.04023657545357,-0.994106454385096,3.10611748060082,1.51419885664646,1.94784901451876,-0.81512889854643
2024-02-02,1.4957264957265,3.2,1.680672269,2.470119522,0,-0.236406619,0.0844518198212012,0.0433276338798047,0.171509808539607,0.0102956958708287,0.131119784330139,3.1155481801788,-0.0433276338798047,1.50916246046039,-0.246702314870829,2.33899973766986
2024-02-01,-0.952380952380961,1.717902351,-1.38121547,-1.336477987,3.49013657056144,-6,0.0488694554501623,0.11520056806112,0.0887646503472304,-0.048446046224746,-0.0301645099318673,1.66903289554984,3.37493600250032,-1.46998012034723,-5.95155395377525,-1.30631347706813
2024-01-31,0,0.18115942,-1.630434783,-0.235294118,2.96875000000001,-2.386117137,0.0627119712653295,0.0872400250878402,0.120954786701372,-0.0255938971800833,0.0325795047935019,0.11844744873467,2.88150997491217,-1.75138956970137,-2.36052323981992,-0.267873622793502
2024-01-30,2.71739130434782,-1.428571429,-2.127659574,-0.700934579,-0.31152647975078,2.2172949,0.102208279977084,0.00746130193038508,0.212801643146612,0.0396092454745234,0.211604546808819,-1.53077970897708,-0.318987781681165,-2.34046121714661,2.17768565452548,-0.912539125808819
2024-01-29,-0.54054054054054,-1.495162709,-0.370959194,-0.772797527,0.312500000000001,-1.956521739,0.0548554082350994,0.103109522451053,0.102684709311184,-0.0385640358270538,-0.0030319630235992,-1.5500181172351,0.209390477548948,-0.473643903311184,-1.91795770317295,-0.769765563976401
2024-01-26,0.543478260869564,2.248201439,-0.684210526,0.465838509,-2.88315629742034,-2.127659574,0.0706112330076807,0.0712842804563492,0.13932415799042,-0.0125532686491621,0.0683845131965653,2.17759020599232,-2.95444057787669,-0.82353468399042,-2.11510630535084,0.397453995803435
2024-01-25,-3.6144578313253,1.459854015,-0.783289817,0.468018721,0.764525993883794,-2.489626556,0.0101771220872855,0.193355338781611,-0.00121259825711595,-0.11232193271103,-0.205545370369041,1.44967689291271,0.571170655102183,-0.782077218742884,-2.37730462328897,0.673564091369041
2024-01-24,6.29175946547885,1.858736059,-0.104329682,-0.620155039,-4.52554744525546,-1.229508197,0.154160440166754,-0.0974770363698232,0.333614011557656,0.125375339131118,0.447088265771507,1.70457561883325,-4.42807040888564,-0.437943693557656,-1.35488353613112,-1.06724330477151
2024-01-23,1.4689265536723,1.03286385,-0.415584416,-0.462962963,-1.58045977011495,-2.204408818,0.0840622922683838,0.0441144418578667,0.170603980061149,0.00965263778710712,0.129354171573306,0.948801557731616,-1.62457421197282,-0.586188396061149,-2.21406145578711,-0.592317134573306
2024-01-22,0,0.282485876,2.122015915,2.047244094,2.35294117647059,-0.2,0.0627119712653295,0.0872400250878402,0.120954786701372,-0.0255938971800832,0.0325795047935022,0.219773904734671,2.26570115138275,2.00106112829863,-0.174406102819917,2.0146645892065
2024-01-19,0,-3.278688525,0.802139037,0.793650794,0,1.83299389,0.0627119712653297,0.0872400250878399,0.120954786701372,-0.0255938971800833,0.0325795047935019,-3.34140049626533,-0.0872400250878399,0.681184250298628,1.85858778718008,0.761071289206498
2024-01-18,0.056529112492946,0.733944954,0.214362272,-1.869158879,-0.874635568513122,-3.536345776,0.0635336016557155,0.0855804111747845,0.122865450532455,-0.0242374948908295,0.0363037114335047,0.670411352344285,-0.960215979687907,0.0914968214675451,-3.51210828110917,-1.9054625904335
2024-01-17,1.66666666666667,0,0.268672757,0.626959248,1.17994100294986,-12.24137931,0.0869363739418721,0.0383090748846007,0.177287525321119,0.0143973636480759,0.142381530562897,-0.0869363739418721,1.14163192806526,0.0913852316788805,-12.2557766736481,0.484577717437103
2024-01-16,-1.75042348955393,0,-2.309711286,0.393391031,-0.294117647058824,6.617647059,0.0372701931860696,0.138629955849006,0.0617910973548277,-0.0675948825783754,-0.0827405222709107,-0.0372701931860696,-0.43274760290783,-2.37150238335483,6.68524194157838,0.476131553270911
2024-01-15,-0.056433408577873,1.869158879,0.263157895,-1.472868217,0.591715976331362,5.426356589,0.0618917318970493,0.0888968292707937,0.119047357628469,-0.0269480030771989,0.0288616032437483,1.80726714710295,0.502819147060568,0.144110537371531,5.4533045920772,-1.50172982024375
2024-01-12,-0.67264573991032,-1.654411765,0,0.702576112,0.595238095238075,3.406813627,0.0529353065079805,0.106987942210224,0.0982196007113393,-0.0417338679179053,-0.0117352141268822,-1.70734707150798,0.488250153027851,-0.0982196007113393,3.44854749491791,0.714311326126882
2024-01-11,0,3.816793893,-0.523560209,-0.543478261,1.81818181818183,3.958333333,0.0627119712653297,0.0872400250878398,0.120954786701372,-0.0255938971800829,0.0325795047935018,3.75408192173467,1.73094179309399,-0.644514995701372,3.98392723018008,-0.576057765793502
2024-01-10,0.224719101123592,-0.19047619,-2.301790281,-0.693909021,1.53846153846153,-1.437371663,0.0659781828621667,0.0806425935997628,0.128550212133248,-0.0202018170684215,0.0473842723129707,-0.256454372862167,1.45781894486177,-2.43034049313325,-1.41716984593158,-0.741293293312971
2024-01-09,-1.05614230127849,0.961538462,-1.012658228,1.328125,1.5625,0.82815735,0.0473613214313893,0.118246852898675,0.0852575537794642,-0.0509357745253313,-0.0370004337151755,0.914177140568611,1.44425314710133,-1.09791578177946,0.879093124525331,1.36512543371518
2024-01-08,1.18110236220473,-0.4784689,-1.002506266,0,1.58730158730159,5.458515284,0.0798788707998873,0.0525645485658592,0.160875625093319,0.00274636639892734,0.11039196400016,-0.558347770799887,1.53473703873573,-1.16338189109332,5.45576891760107,-0.11039196400016
2024-01-05,1.02272727272726,0.480769231,0.503778338,-0.31152648,1.61290322580644,2.004454343,0.0775769456350259,0.0572142147358525,0.155522603581671,-0.00105380530825894,0.0999580206065387,0.403192285364974,1.55568901107059,0.348255734418329,2.00550814830826,-0.411484500606539
2024-01-04,-0.564971751412429,0.483091787,0.76142132,0.943396226,0,-2.178649237,0.0545003093410779,0.103826787868599,0.101858943101458,-0.039150256782849,-0.00464152089103875,0.428591477658922,-0.103826787868599,0.659562376898542,-2.13949898021715,0.948037746891039
2024-01-03,0.113122171945708,-2.173913043,-1.253132832,-0.235294118,0,-1.713062099,0.0643561614922441,0.0839189198704253,0.124778275747961,-0.0228795582098462,0.0400321309769454,-2.23826920449224,-0.0839189198704253,-1.37791110774796,-1.69018254079015,-0.275326248976945
2024-01-02,4.00000000000001,1.926782274,0,-0.312744332,0.161550888529887,1.082251082,0.120850537689032,-0.0301942553999341,0.256153359388766,0.0703851288074984,0.29610436664005,1.80593173631097,0.191745143929821,-0.256153359388766,1.0118659531925,-0.60884869864005
2023-12-29,-3.07867730900799,-0.669856459,0.251256281,-0.078125,-0.32206119162641,0.434782609,0.0179644999586032,0.177625588747187,0.0168965922156357,-0.0994660095422469,-0.170247498338106,-0.687820958958603,-0.499686780373597,0.234359688784364,0.534248618542247,0.0921224983381057
2023-12-28,3.05522914218567,0.966183575,1.272264631,0.549882168,0.161290322580646,0,0.107118631870977,-0.00245713392162317,0.22422044151548,0.0477155821288804,0.233861714194508,0.859064943129022,0.163747456502269,1.04804418948452,-0.0477155821288804,0.316020453805492
2023-12-27,-2.74285714285715,-0.576368876,1.288659794,0.236220472,0,3.370786517,0.022845525717648,0.167766388850885,0.0282471940014448,-0.0914080864287103,-0.14812325761556,-0.599214401717648,-0.167766388850885,1.26041259999856,3.46219460342871,0.38434372961556
2023-12-22,0.114416475972547,-0.478011472,0.258397933,-1.626646011,0,2.298850575,0.0643749737374035,0.0838809209548942,0.124822022762225,-0.0228485016998894,0.0401174012994105,-0.542386445737403,-0.0838809209548942,0.133575910237775,2.32169907669989,-1.66676341229941
2023-12-21,1.62790697674419,1.258470474,-0.514138817,-0.692307692,-1.89873417721519,-5.434782609,0.0863730157400922,0.0394470039590946,0.175977461632288,0.0134673343264904,0.139827995079888,1.17209745825991,-1.93818118117428,-0.690116278632288,-5.44824994332649,-0.832135687079887
2023-12-20,-2.49433106575965,-0.673076923,1.566579634,1.167315175,0.158478605388273,2.222222222,0.0264577631779868,0.160470018589286,0.0366472867262395,-0.0854447637256275,-0.131750057582464,-0.699534686177987,-0.00199141320101345,1.52993234727376,2.30766698572563,1.29906523258246
2023-12-19,0.799999999999996,1.761252446,2.133333333,1.181102362,3.44262295081968,5.140186916,0.0743396845500699,0.0637531689902859,0.147994501238851,-0.00639809198256724,0.085284477162811,1.68691276144993,3.37886978182939,1.98533883176115,5.14658500798257,1.09581788483719
2023-12-18,0,0.590551181,-2.597402597,0.793650794,-4.6875,15.675675676,0.0627119712653296,0.0872400250878398,0.120954786701372,-0.0255938971800838,0.0325795047935019,0.52783920973467,-4.77474002508784,-2.71835738370137,15.7012695731801,0.761071289206498
2023-12-15,0,0.098522167,1.315789474,-0.473933649,-3.75939849624061,1.369863014,0.0627119712653295,0.0872400250878402,0.120954786701372,-0.0255938971800833,0.0325795047935019,0.0358101957346705,-3.84663852132845,1.19483468729863,1.39545691118008,-0.506513153793502
2023-12-14,0.286532951289406,0.694444444,2.205486821,1.199040767,0.453172205438068,0,0.0668766250206091,0.0788278273451625,0.13063949821193,-0.0187186087855571,0.0514566438942579,0.627567818979391,0.374344378092906,2.07484732278807,0.0187186087855571,1.14758412310574
2023-12-13,1.45348837209303,-1.658536585,-1.064395955,-1.106719368,0,0,0.0838379038320818,0.0445676847943173,0.170082175032547,0.00928220237935785,0.128337085406346,-1.74237448883208,-0.0445676847943173,-1.23447813003255,-0.00928220237935785,-1.23505645340635
2023-12-12,0.526008182349508,3.015075377,0.858829844,0,1.68970814132106,0,0.0703573116775642,0.0717971769816159,0.138733675570258,-0.0129724589292322,0.0672335631894538,2.94471806532244,1.61791096433944,0.720096168429742,0.0129724589292322,-0.0672335631894538
2023-12-11,-0.523255813953493,-2.355250245,0,1.038338658,-0.153374233128846,-2.666666667,0.055106635541299,0.102602067593508,0.103268926902149,-0.0381492930214824,-0.00189322422712235,-2.4103568805413,-0.255976300722354,-0.103268926902149,-2.62851737397852,1.04023188222712
2023-12-07,2.38095238095238,-2.488038278,-0.107238606,-1.417322835,0.307692307692308,6.837606838,0.0973182608032475,0.0173386676546413,0.201430127586725,0.0315364754315723,0.189439541606923,-2.58535653880325,0.290353640037667,-0.308668733586725,6.80607036256843,-1.60676237660692
2023-12-06,0,-1.41509434,1.634877384,-0.470219436,3.83386581469648,-5.898123324,0.0627119712653295,0.0872400250878402,0.120954786701372,-0.0255938971800829,0.0325795047935019,-1.47780631126533,3.74662578960864,1.51392259729863,-5.87252942681992,-0.502798940793502
2023-12-05,-2.83400809716599,0.283822138,-0.810810811,0.472440945,1.13085621970921,2.191780822,0.0215206792647309,0.170442450534643,0.0251663242710327,-0.0935952313818111,-0.154128393275914,0.262301458735269,0.960413769174567,-0.835977135271033,2.28537605338181,0.626569338275914
2023-12-04,1.11111111111112,1.148325359,0.817438692,0.873709293,0.487012987012988,-2.666666667,0.0788615730496913,0.0546193916190135,0.158509945781204,0.00106694337202295,0.105780855306432,1.06946378595031,0.432393595393974,0.658928746218796,-2.66773361037202,0.767928437693568
2023-12-01,1.78571428571428,1.161665053,1.944444444,-2.251552795,1.31578947368421,0,0.0886666884187679,0.034814007012941,0.181311292365387,0.0172538822786583,0.150224532403568,1.07299836458123,1.28097546667127,1.76313315163461,-0.0172538822786583,-2.40177732740357
2023-11-30,-1.75438596491228,0.584225901,-3.743315508,2.629482072,0,1.351351351,0.0372126000268637,0.13874628845967,0.0616571671016382,-0.0676899612097241,-0.0830015749637556,0.547013300973136,-0.13874628845967,-3.80497267510164,1.41904131220972,2.71248364696376
2023-11-29,-0.581395348837209,-0.114832536,1.630434783,-0.396825397,-0.164203612479475,-0.537634409,0.0542615982386286,0.104308961205249,0.101303831368902,-0.0395443370038596,-0.00572352745163579,-0.169094134238629,-0.268512573684724,1.5291309516311,-0.49809007199614,-0.391101869548364
2023-11-28,0.584795321637426,1.063829787,-0.70156503,-0.079302141,0.164473684210527,-0.8,0.0712117616781516,0.0700712706305631,0.140720659901283,-0.0115618758368695,0.0711065313792544,0.992618025321848,0.0944024135799639,-0.842285689901283,-0.78843812416313,-0.150408672379254
2023-11-24,0.588235294117646,-0.576923077,-0.376344086,0.079365079,-1.2987012987013,5.633802817,0.0712617604452858,0.0699702779572848,0.140836929743636,-0.0114793345348509,0.0713331609474059,-0.648184837445286,-1.36867157665858,-0.517181015743636,5.64528215153485,0.00803191805259415
2023-11-23,-2.85714285714287,-1.140684411,-0.268096515,0,0,0.852272727,0.0211844238198278,0.171121654007679,0.0243843776389477,-0.0941503443140702,-0.155652539382604,-1.16186883481983,-0.171121654007679,-0.292480892638948,0.94642307131407,0.155652539382604
2023-11-22,2.94117647058825,1.153846154,0,0,0.983606557377052,-2.222222222,0.105460917165111,0.000891289435064668,0.220365501912691,0.0449789160460798,0.226347785563023,1.04838523683489,0.982715267941987,-0.220365501912691,-2.26720113804608,-0.226347785563023
2023-11-21,-2.85714285714287,0,-1.113467656,1.123595506,2.17755443886096,0.840336134,0.0211844238198278,0.171121654007679,0.0243843776389476,-0.0941503443140701,-0.155652539382604,-0.0211844238198278,2.00643278485328,-1.13785203363895,0.93448647831407,1.2792480453826
2023-11-20,0.286532951289406,-1.421800948,-0.211640212,0.483870968,2.93103448275863,1.133144476,0.0668766250206092,0.078827827345163,0.130639498211931,-0.0187186087855571,0.051456643894258,-1.48867757302061,2.85220665541347,-0.342279710211931,1.15186308478556,0.432414324105742
2023-11-17,-0.228702115494565,-1.124648547,1.886792453,0.81300813,0.869565217391306,-1.944444444,0.0593878679820992,0.0939543921826239,0.113224736805009,-0.0310815487517002,0.0175123314460722,-1.1840364149821,0.775610825208682,1.77356771619499,-1.9133628952483,0.795495798553928
2023-11-16,2.88235294117647,2.596153846,3.055555556,0,1.23239436619719,1.408450704,0.104605938247115,0.00261826414812072,0.218377287608464,0.0435674597815563,0.222472419947632,2.49154790775289,1.22977610204907,2.83717826839154,1.36488324421844,-0.222472419947632
2023-11-15,0,0,-0.826446281,-0.726392252,1.24777183600712,-4.054054054,0.0627119712653295,0.0872400250878398,0.120954786701372,-0.0255938971800829,0.0325795047935019,-0.0627119712653295,1.16053181091928,-0.947401067701372,-4.02846015681992,-0.758971756793502
2023-11-14,-2.29885057471264,0.970873786,0.055126792,-0.080645161,-1.40597539543057,3.351955307,0.0292990020563052,0.154730990885411,0.0432544575706863,-0.0807542569430613,-0.118871565233249,0.941574783943695,-1.56070638631598,0.0118723344293137,3.43270956394306,0.0382264042332492
2023-11-13,-0.286532951289406,-1.056676273,-0.602739726,-0.401606426,1.42602495543671,1.704545455,0.0585473175100499,0.0956522228305172,0.111270075190814,-0.0324691855746093,0.0137023656927459,-1.11522359051005,1.33037273260619,-0.714009801190814,1.73701464057461,-0.415308791692746
2023-11-10,0.287356321839089,0.289017341,-1.08401084,0.56542811,-2.43478260869565,0.571428571,0.0668885924164577,0.0788036543631434,0.130667327842708,-0.0186988522097107,0.0515108885468463,0.222128748583542,-2.51358626305879,-1.21467816784271,0.590127423209711,0.513917221453154
2023-11-09,0,-0.479386385,-0.806451613,0.650406504,-0.862068965517244,-2.777777778,0.0627119712653295,0.0872400250878399,0.120954786701372,-0.0255938971800833,0.0325795047935018,-0.54209835626533,-0.949308990605084,-0.927406399701372,-2.75218388081992,0.617826999206498
2023-11-07,0,4,3.522727273,-1.204819277,-0.347222222222223,-1.369863014,0.0627119712653301,0.0872400250878398,0.120954786701372,-0.0255938971800833,0.0325795047935018,3.93728802873467,-0.434462247310063,3.40177248629863,-1.34426911681992,-1.2373987817935
2023-11-06,0,0.95911156,-0.845070423,0.484261501,0.523560209424085,-1.351351351,0.0627119712653297,0.0872400250878398,0.120954786701372,-0.0255938971800833,0.0325795047935019,0.89639958873467,0.436320184336245,-0.966025209701372,-1.32575745381992,0.451681996206498
2023-11-03,2.9585798816568,-1.44278607,0,2.396694215,2.32142857142856,1.369863014,0.105713869507713,0.000380350170847699,0.220953730996781,0.0453965066568851,0.227494343437398,-1.54849993950771,2.32104822125771,-0.220953730996781,1.32446650734311,2.1691998715626
2023-10-31,-0.588235294117646,1.617795753,0.795002839,-1.385493073,-0.709219858156017,0,0.0541621820853733,0.104509772218395,0.101072643659108,-0.0397084598253157,-0.00617415136040211,1.56363357091463,-0.813729630374412,0.693930195340892,0.0397084598253157,-1.3793189216396
2023-10-26,0.59171597633136,-1,-2.702702703,-0.32388664,2.18978102189782,-1.369863014,0.0713123509138063,0.0698680901044417,0.140954575560454,-0.0113958164126897,0.071562472522281,-1.07131235091381,2.11991293179338,-2.84365727856045,-1.35846719758731,-0.395449112522281
2023-10-25,-1.74418604651163,-0.596421471,0,2.574750831,-4.69565217391304,-1.08401084,0.0373608521852269,0.138446833440067,0.0620019207039621,-0.0674452166514123,-0.0823295919419111,-0.633782323185227,-4.83409900735311,-0.0620019207039621,-1.01656562334859,2.65708042294191
2023-10-24,-1.60183066361557,-1.56555773,-1.069518717,-1.31147541,0.700525394045523,-1.072386059,0.0394299366562954,0.134267482949077,0.0668134818494408,-0.0640294339027991,-0.0729510462892122,-1.6049876666563,0.566257911096446,-1.13633219884944,-1.0083566250972,-1.23852436371079
2023-10-23,0.459770114942538,-2.943969611,-1.319261214,0.246507806,-1.89003436426116,-4.358974359,0.0693945651071348,0.0737418319283254,0.136494852527509,-0.0145618252274877,0.0628697187988528,-3.01336417610713,-1.96377619618949,-1.45575606652751,-4.34441253377251,0.183638087201147
2023-10-20,-0.571428571428588,-1.404494382,0.905218317,0.912106136,-2.8380634390651,-0.510204082,0.054406461776229,0.104016350871808,0.101640704888887,-0.0393051866068809,-0.00506690404172028,-1.45890084377623,-2.94207978993691,0.803577612111113,-0.470898895393119,0.91717304004172
2023-10-19,0.286532951289406,-0.651162791,-3.345342254,-1.63132137,-0.166666666666667,-2,0.0668766250206091,0.0788278273451625,0.13063949821193,-0.0187186087855571,0.0514566438942579,-0.718039416020609,-0.24549449401183,-3.47598175221193,-1.98128139121444,-1.68277801389426
2023-10-18,-0.285714285714294,-0.278293135,2.263157895,-0.325203252,0.840336134453771,-2.43902439,0.0585592165207792,0.095628187979824,0.111297745795129,-0.0324495418934823,0.0137563003758909,-0.336852351520779,0.744707946473947,2.15186014920487,-2.40657484810652,-0.338959552375891
2023-10-17,0,1.506591337,0.95642933,1.068200493,0.847457627118646,0,0.0627119712653297,0.0872400250878399,0.120954786701372,-0.0255938971800832,0.0325795047935018,1.44387936573467,0.760217602030806,0.835474543298628,0.0255938971800832,1.0356209882065
2023-10-16,0,-1.39275766,0.053163211,0,0.169779286926995,-2.14797136,0.0627119712653295,0.0872400250878399,0.120954786701372,-0.0255938971800833,0.0325795047935019,-1.45546963126533,0.0825392618391551,-0.0677915757013721,-2.12237746281992,-0.0325795047935019
2023-10-13,-1.07405313736573,-0.277777778,0.588235294,-1.056910569,1.55172413793104,0,0.0471009938479987,0.118772689435885,0.0846521739108061,-0.0513655406759004,-0.0381804213665369,-0.324878771847999,1.43295144849516,0.503583120089194,0.0513655406759004,-1.01873014763346
2023-10-12,1.60827110855829,-0.36900369,-0.266666667,-0.4048583,0,3.456790123,0.0860876154333888,0.0400234849721356,0.175313776294235,0.0129961764507649,0.138534360217156,-0.455091305433389,-0.0400234849721356,-0.441980443294235,3.44379394654924,-0.543392660217156
2023-10-11,-1.63841807909605,-0.367647059,2.739726027,1.981833196,0,2.53164557,0.0388981516849995,0.135341637152041,0.0655768402616208,-0.0649073400281042,-0.0753614696916662,-0.406545210685,-0.135341637152041,2.67414918673838,2.5965529100281,2.05719466569167
2023-10-10,0.340136054421772,1.587301587,0,-0.737704918,0.346020761245676,-1.002506266,0.0676557269136036,0.0772541168830971,0.132451263970708,-0.017432415378418,0.0549880814811337,1.5196458600864,0.268766644362579,-0.132451263970708,-0.985073850621582,-0.792692999481134
2023-10-09,0,-1.743119266,-1.351351351,1.413133832,3.21428571428571,2.307692308,0.0627119712653295,0.0872400250878402,0.120954786701372,-0.0255938971800833,0.0325795047935018,-1.80583123726533,3.12704568919787,-1.47230613770137,2.33328620518008,1.3805543272065
2023-10-06,0.799999999999996,1.869158879,1.092896175,2.820512821,-3.11418685121107,-2.5,0.0743396845500699,0.0637531689902859,0.147994501238851,-0.0063980919825668,0.0852844771628116,1.79481919444993,-3.17794002020136,0.944901673761149,-2.49360190801743,2.73522834383719
2023-10-05,-0.057110222729863,-2.727272727,-1.027582477,-2.092050209,-2.03389830508475,0,0.0618818946459165,0.0889166995665347,0.119024481551638,-0.0269642430679697,0.0288170139047743,-2.78915462164592,-2.12281500465128,-1.14660695855164,0.0269642430679697,-2.12086722290477
2023-10-04,-0.736961451247166,0.917431193,-1.334044824,1.70212766,0.169779286926995,1.265822785,0.0520005006940691,0.108876159531449,0.0960457526178102,-0.0432771077503578,-0.0159724113630333,0.865430692305931,0.060903127395546,-1.43009057661781,1.30909989275036,1.71810007136303
2023-10-03,0.799999999999996,-2.066486972,1.847826087,0,0.511945392491469,-3.658536585,0.0743396845500701,0.0637531689902852,0.147994501238851,-0.00639809198256724,0.0852844771628111,-2.14082665655007,0.448192223501184,1.69983158576115,-3.65213849301743,-0.0852844771628111
2023-10-02,-0.057110222729863,-0.625,0,-0.085034014,4.64285714285714,9.333333333,0.0618818946459163,0.0889166995665338,0.119024481551638,-0.0269642430679706,0.0288170139047737,-0.686881894645916,4.55394044329061,-0.119024481551638,9.36029757606797,-0.113851027904774
2023-09-29,0,0.900900901,-1.075268817,-4.234527687,-3.11418685121107,2.459016393,0.0627119712653296,0.0872400250878402,0.120954786701372,-0.0255938971800833,0.0325795047935014,0.83818892973467,-3.20142687629891,-1.19622360370137,2.48461029018008,-4.2671071917935
2023-09-28,1.74317257408483,-0.892857143,-1.846965699,3.193277311,-2.69360269360269,12.615384615,0.0880483598869312,0.0360629708369222,0.179873397692392,0.0162331042671493,0.147421832733601,-0.980905502886931,-2.72966566443961,-2.02683909669239,12.5991515107329,3.0458554782664
2023-09-27,-0.52023121387282,1.357466063,2.321814255,0.847457627,1.36518771331057,3.503184713,0.0551505970194726,0.102513269659949,0.103371157305614,-0.0380767184790458,-0.00169395989752241,1.30231546598053,1.26267444365062,2.21844309769439,3.54126143147905,0.849151586897522
2023-09-26,1.16959064327485,2.790697674,0.652173913,1.287553648,-1.34680134680134,0,0.0797115520909735,0.0529025161732861,0.160486533101195,0.00247014550634398,0.109633557965007,2.71098612190903,-1.39970386297463,0.491687379898806,-0.00247014550634398,1.17792009003499
2023-09-25,0,-0.921658986,-0.808625337,0.953206239,-0.168067226890769,-0.317460317,0.0627119712653296,0.0872400250878399,0.120954786701372,-0.0255938971800832,0.0325795047935018,-0.98437095726533,-0.255307251978609,-0.929580123701372,-0.291866419819917,0.920626734206498
2023-09-22,0.588235294117646,1.401869159,1.979109401,-0.086580087,-4.03225806451613,-1.5625,0.0712617604452859,0.0699702779572853,0.140836929743636,-0.0114793345348509,0.0713331609474059,1.33060739855471,-4.10222834247342,1.83827247125636,-1.55102066546515,-0.157913247947406
2023-09-21,0,0,0.386313466,1.493848858,1.97368421052632,1.265822785,0.0627119712653295,0.0872400250878398,0.120954786701372,-0.0255938971800833,0.0325795047935018,-0.0627119712653295,1.88644418543848,0.265358679298628,1.29141668218008,1.4612693532065
2023-09-20,0.058858151854026,0.658513641,0.666666667,3.454545455,4.82758620689655,-1.863354037,0.0635674534081149,0.0855120339093851,0.122944171231793,-0.0241816101584886,0.036457151377471,0.594946187591885,4.74207417298716,0.543722495768207,-1.83917242684151,3.41808830362253
2023-09-19,1.61483253588518,-1.574074074,-0.717043574,0.364963504,0.172711571675303,-4.733727811,0.0861829834280086,0.0398308508478591,0.175535550196582,0.0131536163017456,0.138966635024615,-1.66025705742801,0.132880720827444,-0.892579124196582,-4.74688142730175,0.225996868975385
2023-09-18,0.662251655629133,-1.818181818,-0.657534247,-2.922940655,0.173010380622838,-1.744186047,0.0723375617328299,0.0677972634176789,0.143338656351603,-0.00970332996359646,0.0762094488078304,-1.89051937973283,0.105213117205159,-0.800872903351603,-1.7344827170364,-2.99915010380783
2023-09-15,-1.13095238095238,0.364963504,1.784718349,-2.672413793,0,-1.149425287,0.0462739837348185,0.120443169868609,0.0827289997808291,-0.0527308241706195,-0.0419290126928726,0.318689520265181,-0.120443169868609,1.70198934921917,-1.09669446282938,-2.63048478030713
2023-09-14,1.81818181818182,1.669758813,-0.664819945,1.133391456,-0.172711571675303,-1.136363636,0.0891385923670125,0.0338608066843063,0.18240868337746,0.0180329328142719,0.152363532905569,1.58062022063299,-0.206572378359609,-0.84722862837746,-1.15439656881427,0.981027923094431
2023-09-13,-2.88404944084756,0.279069767,0.894354388,-2.133105802,-0.172413793103449,-1.675977654,0.0207933462688403,0.171911592832115,0.0234749447107558,-0.0947959612382276,-0.157425177820989,0.25827642073116,-0.344325385935564,0.870879443289244,-1.58118169276177,-1.97568062417901
2023-09-12,1.73652694610779,1.510859301,-1.432506887,-1.924686192,0.172711571675303,-1.104972376,0.0879517680660387,0.0362580769718901,0.179648777838115,0.0160736440420703,0.146984010684968,1.42290753293396,0.136453494703413,-1.61215566483811,-1.12104602004207,-2.07167020268497
2023-09-11,3.08641975308642,-1.028037383,3.951890034,-0.416666667,0,-0.821917808,0.10757197622189,-0.0033728456588991,0.225274673034237,0.0484639932424333,0.23591658955164,-1.13560935922189,0.0033728456588991,3.72661536096576,-0.870381801242433,-0.65258325655164
2023-09-08,-4.70588235294117,1.904761905,0.05730659,0,-1.19453924914676,-1.351351351,-0.00568634217432007,0.225398002132279,-0.0381023576367376,-0.138510398341944,-0.27744974443773,1.91044824717432,-1.41993725127904,0.0954089476367376,-1.21284095265806,0.27744974443773
2023-09-07,2.40963855421686,0,1.15942029,-0.083263947,0.687285223367699,-2.631578947,0.0977352040506922,0.0164964826253258,0.202399710007031,0.032224793173881,0.19132942156853,-0.0977352040506922,0.670788740742373,0.957020579992969,-2.66380374017388,-0.27459336856853
2023-09-06,-0.59880239520958,0.767754319,0,-0.083194676,1.57068062827226,-5,0.0540085930581885,0.104820007196788,0.10071547941284,-0.0399620148428941,-0.00687032482424466,0.713745725941812,1.46586062107547,-0.10071547941284,-4.96003798515711,-0.0763243511757553
2023-09-05,-2.3391812865497,-1.512287335,0.290697674,1.008403361,2.32142857142856,5.263157895,0.0287128096140419,0.155915042916947,0.0418912939017271,-0.0817219825529376,-0.121528601549508,-1.54100014461404,2.16551352851161,0.248806380098273,5.34487987755294,1.12993196254951
2023-09-04,5.55555555555555,-1.121495327,-0.289855072,1.19047619,2.37659963436928,-5.236907731,0.143459980187138,-0.0758631422562894,0.308730582100529,0.107710305580446,0.39858625735815,-1.26495530718714,2.45246277662557,-0.598585654100529,-5.34461803658045,0.79188993264185
2023-09-01,0,-2.727272727,0.407450524,2.260869565,1.1090573012939,13.276836158,0.0627119712653297,0.0872400250878398,0.120954786701372,-0.0255938971800838,0.0325795047935022,-2.78998469826533,1.02181727620606,0.286495737298628,13.3024300551801,2.2282900602065
2023-08-31,0.62111801242236,1.946246525,-1.547277937,-4.405652535,3.04761904761906,2.017291066,0.0717396989708732,0.0690048883661363,0.141948353888856,-0.0106903217161731,0.0734995143970032,1.87450682602913,2.97861415925292,-1.68922629088886,2.02798138771617,-4.479152049397
2023-08-30,-1.22699386503067,0,-0.285714286,1.776649746,0.961538461538464,-9.162303665,0.0448780551844393,0.123262810513537,0.0794828318892884,-0.0550353161946795,-0.0482563423986904,-0.0448780551844393,0.838275651024927,-0.365197117889288,-9.10726834880532,1.82490608839869
2023-08-29,1.24223602484472,2.664129401,4.099883856,-1.5,-2.62172284644194,-2.551020408,0.0807674266764171,0.0507697516444323,0.162941921076339,0.00421325374773707,0.114419524000504,2.58336197432358,-2.67249259808637,3.93694193492366,-2.55523366174774,-1.6144195240005
2023-08-25,0.562148657089324,-2.865064695,0.34965035,-1.639344262,0.564971751412417,-0.507614213,0.0708826005253758,0.0707361443197266,0.139955210720525,-0.0121052770381681,0.0696145415926732,-2.93594729552538,0.49423560709269,0.209695139279475,-0.495508935961832,-1.70895880359267
2023-08-24,0.062499999999994,0,-1.661891117,0.743187448,0.950570342205326,-3.902439024,0.0636203863656998,0.0854051144552187,0.123067264399612,-0.0240942248990272,0.0366970807598537,-0.0636203863656998,0.865165227750107,-1.78495838139961,-3.87834479910097,0.706490367240146
2023-08-23,-1.23456790123457,-4.162976085,-0.228702115,0.082644628,-0.754716981132077,-2.380952381,0.044767969282705,0.123485173386536,0.0792268321682259,-0.0552170533490899,-0.0487553291097536,-4.20774405428271,-0.878202154518612,-0.307928947168226,-2.32573532765091,0.131399957109754
2023-08-22,0,1.620162016,-0.057142857,-0.411522634,-0.188323917137477,-1.176470588,0.0627119712653295,0.0872400250878399,0.120954786701372,-0.0255938971800833,0.0325795047935019,1.55745004473467,-0.275563942225317,-0.178097643701372,-1.15087669081992,-0.444102138793502
2023-08-18,-1.21951219512195,-2.028218695,0.574712644,-1.058631922,1.72413793103449,-0.932400932,0.0449867985751764,0.123043159382893,0.0797357096625326,-0.0548557953470287,-0.0477634408914209,-2.07320549357518,1.6010947716516,0.494976934337467,-0.877545136652971,-1.01086848110858
2023-08-17,-0.606060606060605,0.353982301,-0.286532951,-0.486223663,0.384615384615386,-1.379310345,0.0539030975647686,0.105033097889018,0.100470154476009,-0.0401361738448682,-0.00734850457718694,0.300079203435231,0.279582286726368,-0.387003105476009,-1.33917417115513,-0.478875158422813
2023-08-16,0.609756097560975,-1.396160558,1.276842716,-2.063492063,0.192678227360309,-6.451612903,0.0715745576104061,0.0693384579403134,0.141564325220792,-0.0109629480966111,0.0727509776359638,-1.46773511561041,0.123339769419996,1.13527839077921,-6.44064995490339,-2.13624304063596
2023-08-15,2.30817217716781,0.614574188,0.760233918,-1.176470588,-0.954198473282445,9.411764706,0.0962604266252325,0.0194753903709398,0.198970182668832,0.0297901321639671,0.18464469332005,0.518313761374767,-0.973673863653385,0.561263735331168,9.38197457383603,-1.36111528132005
2023-08-14,-1.65644171779141,0.087873462,0.706713781,0.684410646,-0.757575757575746,1.674641148,0.0386361845561277,0.135870785412531,0.0649676477050589,-0.0653398128497871,-0.0765488889159578,0.0492372774438723,-0.893446542988277,0.641746133294941,1.73998096084979,0.760959534915958
2023-08-11,-0.488400488400499,-1.727115717,0.473372781,-1.498127341,-0.564971751412445,3.465346535,0.0556132452062692,0.101578765074137,0.104447024468479,-0.0373129479722181,0.000403086985619749,-1.78272896220627,-0.666550516486582,0.368925756531521,3.50265948297222,-1.49853042798562
2023-08-10,2.37500000000001,0,-1.227352425,0.83081571,0.568181818181834,-0.492610837,0.0972317450794028,0.017513421048224,0.201228939234512,0.0313936495000435,0.18904739151489,-0.0972317450794028,0.55066839713361,-1.42858136423451,-0.524004486500043,0.64176831848511
2023-08-09,0,2.296819788,0.647058824,1.533742331,0,0.495049505,0.0627119712653297,0.0872400250878399,0.120954786701372,-0.0255938971800831,0.0325795047935018,2.23410781673467,-0.0872400250878399,0.526104037298628,0.520643402180083,1.5011628262065
2023-08-08,0,-2.749140893,0,0,0,0,0.0627119712653297,0.0872400250878399,0.120954786701372,-0.0255938971800832,0.0325795047935019,-2.81185286426533,-0.0872400250878399,-0.120954786701372,0.0255938971800832,-0.0325795047935019
2023-08-07,0.628930817610062,-0.512820513,4.615384615,2.274509804,0.571428571428559,-4.716981132,0.0718532552942135,0.0687755155771836,0.142212423916371,-0.010502855358137,0.0740142314989343,-0.584673768294213,0.502653055851375,4.47317219108363,-4.70647827664186,2.20049557250107
2023-08-04,-0.624999999999999,3.083700441,-7.142857143,-2.671755725,0.190839694656489,-10.169491525,0.0536278202616263,0.105589131414055,0.0998300097189668,-0.0405906199906436,-0.00859625487002047,3.03007262073837,0.0852505632424345,-7.24268715271897,-10.1289009050094,-2.66315947012998
2023-08-03,-2.85367334547662,1.06856634,2.941176471,0.383141762,0.383141762452108,0.425531915,0.0212348519284444,0.171019794106136,0.0245016458952478,-0.0940670942264754,-0.155423963736973,1.04733148807156,0.212121968345972,2.91667482510475,0.519599009226475,0.538565725736973
2023-08-02,-0.060679611650498,-1.92139738,-2.017291066,-1.136363636,0,-4.081632653,0.0618300148572029,0.0890214917214533,0.118903837479779,-0.027049889685963,0.028581858224227,-1.9832273948572,-0.0890214917214533,-2.13619490347978,-4.05458276331404,-1.16494549422423
2023-08-01,-0.060642813826556,0,-2.528089888,0.763358779,0.384615384615386,-1.01010101,0.0618305497003857,0.0890204113899588,0.118905081233098,-0.027049006731138,0.0285842825095945,-0.0618305497003857,0.295594973225427,-2.6469949692331,-0.983052003268862,0.734774496490405
2023-07-31,2.2952853598015,-0.521285838,1.136363636,-1.503759398,-1.88679245283019,-2.941176471,0.0960731213533721,0.0198537289022374,0.19853461284023,0.0294809161192422,0.183795694128525,-0.617358959353372,-1.90664618173243,0.93782902315977,-2.97065738711924,-1.68755509212852
2023-07-28,-2.89156626506025,-0.775862069,0,-0.597907324,1.7274472168906,-3.773584906,0.0206840919228941,0.172132276042857,0.0232208787345814,-0.0949763256048408,-0.157920395336533,-0.796546160922894,1.55531494084774,-0.0232208787345814,-3.67860858039516,-0.439986928663467
2023-07-27,3.1055900621118,-1.276595745,0.571428571,0.224719101,-0.382409177820269,-1.851851852,0.107850609793049,-0.00393565852068006,0.225922622638789,0.0489239801394674,0.237179552811007,-1.38444635479305,-0.378473519299589,0.345505948361211,-1.90077583213947,-0.0124604518110075
2023-07-26,1.25786163522012,-0.67624683,0,1.213040182,-1.32075471698114,-0.735294118,0.0809945393230974,0.0503110060665273,0.16347006113137,0.00458818646381021,0.115448958204365,-0.757241369323097,-1.37106572304767,-0.16347006113137,-0.73988230446381,1.09759122379563
2023-07-25,0,2.869565217,0.864553314,1.461538462,2.31660231660232,-2.857142857,0.0627119712653297,0.0872400250878402,0.120954786701372,-0.0255938971800833,0.0325795047935018,2.80685324573467,2.22936229151448,0.743598527298628,-2.83154895981992,1.4289589572065
2023-07-24,-2.75229357798166,0,0.579710145,0,-0.384615384615386,-2.777777778,0.0227083705150756,0.168043429093189,0.0279282458614223,-0.0916345113917223,-0.148744941431187,-0.0227083705150756,-0.552658813708575,0.551781899138578,-2.68614326660828,0.148744941431187
2023-07-21,3.15457413249213,0.436681223,-1.765375854,0,-0.383141762452108,-1.538461538,0.108562575700426,-0.00537376078579921,0.227578266738749,0.0500993409804702,0.240406682905922,0.328118647299574,-0.377768001666309,-1.99295412073875,-1.58856087898047,-0.240406682905922
2023-07-20,-1.36901057871811,0.970017637,0.400228702,-0.45941807,-0.191204588910134,0,0.042813893148941,0.127432218160818,0.0746827176422143,-0.058442972658098,-0.057612576112286,0.927203743851059,-0.318636807070952,0.325545984357786,0.058442972658098,-0.401805493887714
2023-07-19,-1.7125382262997,-2.325581395,-0.341880342,1.318851823,-0.75901328273245,-1.515151515,0.0378208419096162,0.137517698691168,0.0630716057342922,-0.0666858349117696,-0.0802445950796382,-2.36340223690962,-0.896530981423618,-0.404951947734292,-1.44846568008823,1.39909641807964
2023-07-18,-0.244051250762656,0.086206897,0.400457666,-1.22605364,0,-0.834724541,0.0591647738020164,0.0944050208467033,0.112705941509951,-0.0314498475148959,0.0165011117583254,0.0270421231979836,-0.0944050208467033,0.287751724490049,-0.803274693485104,-1.24255475175833
2023-07-17,3.40694006309149,0.869565217,2.823529412,0,-0.939849624060153,-0.166666667,0.112230624055234,-0.01278286365569,0.236108145141738,0.0561548000333143,0.257032857154915,0.757334592944766,-0.927066760404463,2.58742126685826,-0.222821467033314,-0.257032857154915
2023-07-14,-3.35365853658537,2.131438721,1.674641148,-0.760456274,1.52671755725191,-1.960784314,0.0139677463674084,0.185698644399236,0.00760232484456336,-0.106064117139184,-0.188363595840037,2.11747097463259,1.34101891285267,1.66703882315544,-1.85472019686082,-0.572092678159963
2023-07-13,3.3396345305608,1.532912534,0.601684717,0.998463902,0.769230769230771,-1.607717042,0.111252362261804,-0.010806869459293,0.23383324215871,0.0545398201693466,0.2525986868645,1.4216601717382,0.780037638690064,0.36785147484129,-1.66225686216935,0.7458652151355
2023-07-12,-2.75735294117646,1.743119266,0.422960725,-0.610687023,0.580270793036738,0,0.022634834484285,0.168191964762316,0.0277572411907611,-0.0917559095796106,-0.149078258427922,1.72048443151571,0.412078828274422,0.395203483809239,0.0917559095796106,-0.461608764572078
2023-07-11,-0.061236987140245,0.368324125,0.607902736,0.769230769,0.193798449612418,-0.48,0.0618219136042194,0.0890378554688533,0.118884998387113,-0.0270632637751169,0.0285451376494938,0.306502211395781,0.104760594143565,0.489017737612887,-0.452936736224883,0.740685631350506
2023-07-10,-0.061199510403911,2.549575071,0.304878049,0,1.1764705882353,-2.950310559,0.0618224583151505,0.0890367552054616,0.118886265087428,-0.0270623645299546,0.0285476066624352,2.48775261268485,1.08743383302984,0.185991783912572,-2.92324819447005,-0.0285476066624352
2023-07-07,2.96156269691241,-2.665441176,-1.085645356,-0.383141762,0.990099009900978,1.737756714,0.10575722365843,0.000292778980005015,0.221054549088068,0.0454680785826185,0.227690854931935,-2.77119839965843,0.989806230920973,-1.30669990508807,1.69228863541738,-0.610832616931935
2023-07-06,-0.812500000000001,0.740740741,-1.014925373,-1.879699248,-0.980392156862733,0.158227848,0.050902574960515,0.111093863311919,0.0934925766242451,-0.0450896368338107,-0.0209489827690781,0.689838166039485,-1.09148602017465,-1.10841794962425,0.203317484833811,-1.85875026523092
2023-07-05,-1.23456790123457,1.123595506,0.540216086,-0.96798213,-0.390625000000015,1.12,0.0447679692827054,0.123485173386536,0.0792268321682258,-0.0552170533490899,-0.0487553291097537,1.07882753671729,-0.51411017338655,0.460989253831774,1.17521705334909,-0.919226800890246
2023-07-04,-1.39987827145466,-1.47601476,-0.655933214,0.674662669,0,-3.250773994,0.0423652422978134,0.128338449482526,0.0736394006421807,-0.0591836354289326,-0.0596461772282663,-1.51838000229781,-0.128338449482526,-0.729572614642181,-3.19159035857107,0.734308846228266
2023-07-03,-0.121580547112469,-0.367647059,0.119402985,1.676829268,0,-1.071975498,0.0609448415867974,0.0908094561057056,0.116845407592333,-0.0285111928028061,0.0245696305732417,-0.428591900586797,-0.0908094561057056,0.00255757740766749,-1.04346430519719,1.65225963742676
2023-06-30,2.17391304347827,-1.090909091,1.515151515,0.536398467,2.40000000000001,1.555209953,0.094309018234733,0.0234170465618759,0.194432271857564,0.0265686169436026,0.175799538405757,-1.18521810923473,2.37658295343813,1.32071924314244,1.5286413360564,0.360598928594243
2023-06-29,-1.76937156802929,0.824931256,-1.19760479,-1.879699248,-0.199600798403194,2.715654952,0.0369947896563093,0.139186244339601,0.061150659063568,-0.0680495371074761,-0.08398884471153,0.787936466343691,-0.338787042742795,-1.25875544906357,2.78370448910748,-1.79571040328847
2023-06-27,2.4375,1.112140871,1.519756839,1.915708812,2.24489795918368,0.481540931,0.0981401601797731,0.015678510415603,0.203341416932752,0.0328933217810992,0.193164967481242,1.01400071082023,2.22921944876808,1.31641542206725,0.448647609218901,1.72254384451876
2023-06-26,0.376411543287331,1.600753296,0.920245399,-2.757078987,0.823045267489714,-1.735015773,0.0681829781433443,0.0761891203995299,0.133677362550249,-0.0165619938562833,0.0573779547790623,1.53257031785666,0.746856147090184,0.786568036449751,-1.71845377914372,-2.81445694177906
2023-06-23,-0.375000000000003,-0.281690141,-1.032179721,-1.250919794,0.829875518672186,0,0.0572614806631074,0.0982494888835688,0.108279920511929,-0.034591930866419,0.00787404899538768,-0.338951621663107,0.731626029788617,-1.14045964151193,0.034591930866419,-1.25879384299539
2023-06-22,-2.85367334547662,-0.46728972,0.243457091,2.180451128,-0.823045267489699,2.588996764,0.0212348519284443,0.171019794106136,0.0245016458952476,-0.0940670942264754,-0.155423963736973,-0.488524571928444,-0.994065061595835,0.218955445104752,2.68306385822648,2.33587509173697
2023-06-21,-0.12128562765313,1.904761905,-1.024096386,-0.746268657,0,-2.677165354,0.0609491281354415,0.0908007976920782,0.116855375764823,-0.0285041162821931,0.0245890602256862,1.84381277686456,-0.0908007976920782,-1.14095176176482,-2.64866123771781,-0.770857717225686
2023-06-20,3.0625,-1.222953904,-0.419916017,4.199066874,0.413223140495869,0,0.107224311183476,-0.00267059591061192,0.224466193915158,0.0478900445916588,0.234340727144765,-1.33017821518348,0.415893736406481,-0.644382210915158,-0.0478900445916588,3.96472614685523
2023-06-19,0.628930817610062,-0.654205607,-0.773809524,2.063492063,-0.819672131147543,-3.053435115,0.0718532552942135,0.0687755155771838,0.142212423916371,-0.0105028553581366,0.0740142314989338,-0.726058862294213,-0.888447646724727,-0.916021947916371,-3.04293225964186,1.98947783150107
2023-06-16,0.12594458438286,1.904761905,0.298507463,-2.325581395,-0.408163265306124,-1.651651652,0.0645425306615417,0.0835424721757566,0.125211668712939,-0.0225718875457137,0.0408768870934555,1.84021937433846,-0.491705737481881,0.17329579428706,-1.62907976445429,-2.36645828209346
2023-06-15,-1.30515848353014,0.961538462,1.515151515,4.200323102,-1.40845070422536,-0.448430493,0.0437419604682856,0.125557611946809,0.0768408956753426,-0.0569108571822461,-0.0534059224715309,0.917796501531714,-1.53400831617217,1.43831061932466,-0.391519635817754,4.25372902447153
2023-06-14,0,-0.857959962,0,-2.519685039,4.63157894736842,-1.1816839,0.0627119712653296,0.0872400250878398,0.120954786701372,-0.0255938971800833,0.0325795047935022,-0.92067193326533,4.54433892228058,-0.120954786701372,-1.15609000281992,-2.5522645437935
2023-06-13,-0.06211180124223,0.575263663,0.609756098,-0.78125,-0.419287211740043,-2.167630058,0.0618091984947753,0.0890635387600102,0.118855429982624,-0.027084254726474,0.028487503833152,0.513454464505225,-0.508350750500053,0.490900668017376,-2.14054580327353,-0.809737503833152
2023-06-09,0.562148657089324,1.262135922,-0.786448881,1.667990469,-0.209205020920487,1.02189781,0.0708826005253751,0.0707361443197267,0.139955210720525,-0.0121052770381682,0.0696145415926732,1.19125332147462,-0.279941165240214,-0.926404091720525,1.03400308703817,1.59837592740733
2023-06-08,-1.77914110429448,-0.866217517,0.181818182,0,2.79569892473117,0.14619883,0.0368527929480387,0.139473063955102,0.0608204522238504,-0.0682839547512467,-0.0846324736351772,-0.903070309948039,2.65622586077607,0.12099772977615,0.214482784751247,0.0846324736351772
2023-06-07,1.24223602484472,1.862745098,0.121359223,2.44100895,-3.92561983471074,0.884955752,0.0807674266764171,0.0507697516444319,0.162941921076339,0.00421325374773718,0.114419524000505,1.78197767132358,-3.97638958635517,-0.041582698076339,0.880742498252263,2.3265894259995
2023-06-06,-1.52905198776759,1.290963257,-0.422960725,-0.726978998,0,-0.294117647,0.0404877486262996,0.132130805090812,0.0692733751236221,-0.0622831272976603,-0.0681562986646589,1.2504755083737,-0.132130805090812,-0.492234100123622,-0.23183451970234,-0.658822699335341
2023-06-05,1.55279503105591,0.7,0.914634146,-1.354581673,1.04384133611691,0.294985251,0.0852812905291892,0.0416521832835797,0.173438704670081,0.0116650414796924,0.134879528802255,0.614718709470811,1.00218915283333,0.741195441329919,0.283320209520308,-1.48946120180226
2023-06-02,-0.124069478908177,0,1.673899566,3.804797353,1.05485232067509,-1.453488372,0.0609086658551652,0.0908825275843587,0.116761282585758,-0.0285709141151815,0.0244056567213398,-0.0609086658551652,0.963969793090731,1.55713828341424,-1.42491745788482,3.78039169627866
2023-06-01,0,0.050025013,-1.345565749,0.75,1.49892933618844,-0.289855072,0.0627119712653295,0.0872400250878398,0.120954786701372,-0.0255938971800832,0.0325795047935018,-0.0126869582653295,1.4116893111006,-1.46652053570137,-0.264261174819917,0.717420495206498
2023-05-31,-1.70731707317074,-0.744786495,1.7423771,-1.880621423,3.09050772626932,-3.899721448,0.037896729499115,0.137364413100915,0.0632480788469965,-0.0665605546138073,-0.079900619165391,-0.782683224499115,2.9531433131684,1.679129021153,-3.83316089338619,-1.80072080383461
2023-05-30,0,-2.233009709,-1.712538226,-0.569105691,-1.52173913043479,1.269393512,0.0627119712653297,0.0872400250878398,0.120954786701372,-0.0255938971800833,0.0325795047935019,-2.29572168026533,-1.60897915552263,-1.83349301270137,1.29498740918008,-0.601685195793502
2023-05-29,0,2.487562189,0.615384615,0.902378999,-0.43290043290045,0.567375887,0.0627119712653297,0.0872400250878399,0.120954786701372,-0.0255938971800831,0.0325795047935018,2.42485021773467,-0.52014045798829,0.494429828298628,0.592969784180083,0.869799494206498
2023-05-26,1.23456790123457,-0.796116505,-0.184275184,-0.732899023,2.66666666666667,-5.369127517,0.0806559732479537,0.0509948767891446,0.162682741234518,0.0040292589889237,0.113914338696757,-0.876772478247954,2.61567178987753,-0.346957925234518,-5.37315677598892,-0.846813361696757
2023-05-25,-1.81818181818182,-1.904761905,-1.03343465,-2.462271644,-6.25,-0.666666667,0.0362853501636466,0.140619243491373,0.059500890025284,-0.0692207271744384,-0.0872045233185648,-1.94104725516365,-6.39061924349137,-1.09293554002528,-0.597445939825562,-2.37506712068144
2023-05-24,0,1.941747573,1.044226044,-1.486697966,-2.63691683569979,2.179836512,0.0627119712653297,0.0872400250878402,0.120954786701372,-0.0255938971800833,0.0325795047935018,1.87903560173467,-2.72415686078763,0.923271257298628,2.20543040918008,-1.5192774707935
2023-05-23,0,0.09718173,-1.03343465,-0.544747082,-1.4,5.308464849,0.0627119712653295,0.0872400250878398,0.120954786701372,-0.0255938971800829,0.0325795047935018,0.0344697587346705,-1.48724002508784,-1.15438943670137,5.33405874618008,-0.577326586793502
2023-05-22,-1.19760479041916,-2.464454976,0.182704019,-0.618716164,-3.66088631984585,-1.692524683,0.0453052148510475,0.122399989305737,0.0804761721243082,-0.0543301325057064,-0.0463201544419911,-2.50976019085105,-3.78328630915159,0.102227846875692,-1.63819455049429,-0.572396009558009
2023-05-19,3.08641975308642,0.476190476,-0.785498489,1.411764706,0.581395348837211,-0.839160839,0.10757197622189,-0.00337284565889917,0.225274673034237,0.0484639932424333,0.23591658955164,0.36861849977811,0.58476819449611,-1.01077316203424,-0.887624832242433,1.17584811644836
2023-05-18,-1.81818181818182,0,0.914634146,2.409638554,-1.90114068441065,0.704225352,0.0362853501636467,0.140619243491374,0.0595008900252841,-0.0692207271744384,-0.0872045233185648,-0.0362853501636467,-2.04175992790202,0.855133255974716,0.773446079174438,2.49684307731856
2023-05-17,-0.482509047044642,0.864553314,1.610904585,2.132895816,-0.941619585687385,-2.068965517,0.055698875194919,0.101405800779972,0.104646153084074,-0.0371715842714684,0.000791222302964911,0.808854438805081,-1.04302538646736,1.50625843191593,-2.03179393272853,2.13210459369704
2023-05-16,-0.120481927710832,1.363193768,-0.185528757,0.994200497,1.33587786259542,-1.226158038,0.0609608096260617,0.0907772022109652,0.11688254053609,-0.0284848316977813,0.0246420089547511,1.30223295837394,1.24510066038445,-0.30241129753609,-1.19767320630222,0.969558488045249
2023-05-15,0.606060606060605,-1.439539347,-1.402439024,-2.267206478,-1.13207547169812,0.136425648,0.0715208449658904,0.0694469522866619,0.141439418926735,-0.0110516205152982,0.0725075141641915,-1.51106019196589,-1.20152242398478,-1.54387844292673,0.147477268515298,-2.33971399216419
2023-05-12,0,-2.434456929,-1.501501502,2.235099338,-0.562851782363965,1.805555556,0.0627119712653297,0.0872400250878399,0.120954786701372,-0.0255938971800833,0.0325795047935022,-2.49716890026533,-0.650091807451805,-1.62245628870137,1.83114945318008,2.2025198332065
2023-05-11,0,0.281690141,-0.537634409,-1.226492232,1.71755725190839,0.558659218,0.0627119712653295,0.0872400250878398,0.120954786701372,-0.0255938971800831,0.0325795047935018,0.218978169734671,1.63031722682055,-0.658589195701372,0.584253115180083,-1.2590717367935
2023-05-10,0,1.428571429,0.239520958,1.325600663,0.769230769230771,-0.693481276,0.0627119712653297,0.0872400250878399,0.120954786701372,-0.0255938971800831,0.0325795047935018,1.36585945773467,0.681990744142931,0.118566171298628,-0.667887378819917,1.2930211582065
2023-05-09,0,-0.095147479,1.212121212,0.583333333,0,1.406469761,0.0627119712653295,0.0872400250878399,0.120954786701372,-0.0255938971800833,0.0325795047935019,-0.15785945026533,-0.0872400250878399,1.09116642529863,1.43206365818008,0.550753828206498
2023-05-08,-0.602409638554216,-2.685185185,0,-4,-1.5151515151515,-2.200825309,0.0539561630689893,0.104925910703468,0.100593555874957,-0.0400485697685746,-0.00710797440025512,-2.73914134806899,-1.62007742585497,-0.100593555874957,-2.16077673923143,-3.99289202559974
2023-05-05,-0.360144057623052,-1.369863014,-0.900900901,-0.318979266,-0.189035916824211,1.963534362,0.0574774064612746,0.0978133396575674,0.108782046063251,-0.0342354661465523,0.00885277653600947,-1.42734042046127,-0.286849256481778,-1.00968294706325,1.99776982814655,-0.327832042536009
2023-05-04,-0.833333333333329,1.388888889,1.834862385,4.587155963,2.71844660194175,9.523809524,0.0505997699270582,0.111705500189459,0.0927884173914986,-0.0455895275941636,-0.0223215080911956,1.33828911907294,2.60674110175229,1.7420739676085,9.56939905159416,4.6094774710912
2023-05-03,2.75229357798164,-1.818181818,-2.154398564,-0.166527893,0.19455252918288,0.462962963,0.102715572015583,0.00643662108249132,0.213981327541321,0.0404467170315551,0.21390395101819,-1.92089739001558,0.188115908100389,-2.36837989154132,0.422516245968445,-0.38043184401819
2023-05-02,-3.42587123449498,2.230483271,-1.415929204,-0.249169435,-0.580270793036766,-3.28358209,0.0129181606838955,0.18781870595451,0.00516156142274204,-0.107796843241509,-0.193121056150086,2.2175651103161,-0.768089498991276,-1.42109076542274,-3.17578524675849,-0.0560483788499144
2023-04-28,-0.353148911124176,-1.28440367,2.727272727,-0.495867769,2.17391304347827,0.903614458,0.0575790784086168,0.0976079721585674,0.109018479518848,-0.0340676193096515,0.00931362528968754,-1.34198274840862,2.0763050713197,2.61825424748115,0.937682077309651,-0.505181394289688
2023-04-27,1.55409444112373,0.925925926,0,-0.329489292,0.998003992015971,0,0.0853001769888241,0.0416140344619864,0.173482624266707,0.0116962205078594,0.134965135516906,0.840625749011176,0.956389957553985,-0.173482624266707,-0.0116962205078594,-0.464454427516906
2023-04-26,-0.238521168753723,-1.369863014,2.103960396,-1.300813008,0.2,-5.278174037,0.0592451515620676,0.094242665546264,0.112892856308564,-0.0313171545436832,0.0168654402826764,-1.42910816556207,0.105757334453736,1.99106753969144,-5.24685688245632,-1.31767844828268
2023-04-25,4.7470331043098,0,0.560049782,-0.324149109,2.04081632653062,-0.284495021,0.131708396127937,-0.0521260791762259,0.281402811751995,0.0883100062405316,0.345319815542058,-0.131708396127937,2.09294240570685,0.278646970248005,-0.372805027240532,-0.669468924542058
2023-04-24,-5.26627218934911,6.517509728,0.124610592,-2.758077226,-1.20967741935484,-2.225312935,-0.013831407606113,0.241850246440086,-0.0570433341444565,-0.151956816009887,-0.314368907992632,6.53134113560611,-1.45152766579493,0.181653926144456,-2.07335611899011,-2.44370831800737
2023-04-20,-0.177200236267001,2.594810379,0.690087829,-0.157356412,0.404858299595143,-0.690607735,0.0601364293387037,0.0924423706499095,0.11496548194558,-0.0298457737005022,0.0209053378481427,2.5346739496613,0.312415928945234,0.57512234705442,-0.660761961299498,-0.178261749848143
2023-04-19,-0.411764705882333,0.2,-0.375,-0.703125,0.406504065040651,-0.549450549,0.0567271188393605,0.0993288480792278,0.107037286571788,-0.0354740910317456,0.00545194548577033,0.14327288116064,0.307175216961423,-0.482037286571788,-0.513976457968254,-0.70857694548577
2023-04-18,0,-0.99009901,0.313479624,-0.31152648,-1.20481927710842,-0.137174211,0.0627119712653297,0.0872400250878398,0.120954786701372,-0.0255938971800832,0.0325795047935019,-1.05281098126533,-1.29205930219626,0.192524837298628,-0.111580313819917,-0.344105984793502
2023-04-17,5.00308832612723,1.711983887,0.504095778,1.904761905,3.10559006211179,-1.486486486,0.135430067008379,-0.0596434943610427,0.290057386881713,0.0944539889377991,0.36218904478069,1.57655381999162,3.16523355647283,0.214038391118288,-1.5809404749378,1.54257286021931
2023-04-14,1.1875,-1.585728444,-0.501567398,-1.5625,-1.02459016393443,3.93258427,0.0799718581723661,0.0523767230680319,0.161091862967942,0.00289987615997989,0.110813448154196,-1.66570030217237,-1.07696688700246,-0.662659260967942,3.92968439384002,-1.6733134481542
2023-04-13,-1.23456790123457,-0.591133005,0.314465409,1.587301587,1.45530145530144,0.423131171,0.0447679692827054,0.123485173386536,0.0792268321682259,-0.0552170533490898,-0.0487553291097538,-0.635900974282705,1.3318162819149,0.235238576831774,0.47834822434909,1.63605691610975
2023-04-12,-1.81818181818182,1.652478718,0.632911392,0.71942446,-1.43442622950819,0.424929178,0.0362853501636466,0.140619243491373,0.0595008900252841,-0.0692207271744384,-0.0872045233185652,1.61619336783635,-1.57504547299956,0.573410501974716,0.494149905174438,0.806628983318565
2023-04-11,-4.89913544668588,-1.722440945,1.935483871,-2.341920375,-0.408163265306124,-0.563380282,-0.00849520663113568,0.231071636636266,-0.0446342432471645,-0.14314745926862,-0.290181493145353,-1.71394573836886,-0.63923490194239,1.98011811424716,-0.42023282273138,-2.05173888185465
2023-04-05,1.46198830409357,2.522704339,0,0.078125,0,0,0.0839614472973849,0.0443181389446477,0.17036946970115,0.00948615617795099,0.128897071257883,2.43874289170262,-0.0443181389446477,-0.17036946970115,-0.00948615617795099,-0.0507720712578834
2023-04-04,0.588235294117646,-2.843137255,0.129198966,-4.263275991,-1.80360721442886,-1.114206128,0.0712617604452856,0.0699702779572848,0.140836929743636,-0.0114793345348507,0.0713331609474057,-2.91439901544529,-1.87357749238614,-0.0116379637436358,-1.10272679346515,-4.33460915194741
2023-04-03,1.19047619047619,-0.487804878,-0.450160772,-1.70698550815306,-3.48162475822051,-1.643835616,0.0800151160342885,0.052289346371241,0.161192457144049,0.00297128912574451,0.111009523200212,-0.567819994034289,-3.53391410459175,-0.611353229144049,-1.64680690512574,-1.81799503135327
2023-03-31,1.76730491052812,-0.485436893,0.322580645,3.197674419,5.94262295081969,1.388888889,0.088399114748248,0.0353544799452452,0.180689062053078,0.0168121538038064,0.149011700390414,-0.573836007748248,5.90726847087444,0.141891582946922,1.37207673519619,3.04866271860959
2023-03-30,0,1.879327399,2.310231023,-0.289855072,-0.408163265306124,-1.907356948,0.0627119712653297,0.0872400250878398,0.120954786701372,-0.0255938971800833,0.0325795047935019,1.81661542773467,-0.495403290393964,2.18927623629863,-1.88176305081992,-0.322434576793502
2023-03-29,-1.68539325842696,-0.68762279,-1.109660574,0.877192982,0.823045267489714,-0.407055631,0.0382153842890506,0.136720761248419,0.0639890959623017,-0.0660344980175471,-0.0784562516025149,-0.725838174289051,0.686324506241295,-1.1736496699623,-0.341021132982453,0.955649233602515
2023-03-28,3.30818340104469,-0.196078431,2.818791946,2.779864763,-0.205338809034923,-0.270635995,0.110795231366186,-0.00988350926797993,0.232770205203714,0.0537851579750552,0.250526648224338,-0.306873662366186,-0.195455299766943,2.58602174079629,-0.324421152975055,2.52933811477566
2023-03-27,-3.20224719101123,0.492610837,-0.798934754,-1.407407407,-0.408997955010211,-0.135135135,0.0161684560103995,0.181253423792939,0.0127199742971388,-0.102431038771265,-0.17838843235893,0.476442380989601,-0.59025137880315,-0.811654728297139,-0.0327040962287352,-1.22901897464107
2023-03-24,4.70588235294117,4.832583268,1.310344828,-0.662251656,-0.204081632653062,0.680272109,0.131110284704979,-0.0509179519565996,0.280011931039482,0.0873226039817772,0.342608754024734,4.70147298329502,-0.153163680696462,1.03033289696052,0.592949505018223,-1.00486041002473
2023-03-23,5.00308832612724,1.735776278,0,-1.593048516,1.23966942148761,-0.675675676,0.135430067008379,-0.0596434943610433,0.290057386881713,0.0944539889377997,0.36218904478069,1.60034621099162,1.29931291584865,-0.290057386881713,-0.7701296649378,-1.95523756078069
2023-03-22,1.06117353308366,0.875486381,-0.194805195,4.462934947,-1.22448979591837,-0.67114094,0.0781357482503943,0.0560854875052528,0.156822073463009,-0.000131296652790658,0.102490906968773,0.797350632749606,-1.28057528342362,-0.351627268463009,-0.671009643347209,4.36044404003123
2023-03-21,-2.01834862385322,1.280788177,-0.323624595,1.225114855,1.44927536231884,1.360544218,0.03337599738181,0.146495854691763,0.052735323418742,-0.074023680935285,-0.10039175577127,1.24741217961819,1.30277950762708,-0.376359918418742,1.43456789893529,1.32550661077127
2023-03-20,-3.82352941176471,0.296442688,1.644736842,-0.305343511,0,-0.406504065,0.00713834159561411,0.199493381436447,-0.00827914307334243,-0.117338554374095,-0.219319260206874,0.289304346404386,-0.199493381436447,1.65301598507334,-0.289165510625905,-0.0860242507931256
2023-03-17,3.03030303030304,-1.652089407,-2.564102564,0.769230769,-0.821355236139648,1.652892562,0.106756339768134,-0.0017253389180496,0.223377947828185,0.0471174861438424,0.232219551646947,-1.75884574676813,-0.819629897221598,-2.78748051182819,1.60577507585616,0.537011217353053
2023-03-16,-2.94117647058824,-1.342281879,-1.015228426,-0.763358779,-0.61224489795917,-0.683994528,0.0199630253655485,0.173588760740615,0.0215440714900532,-0.096166710406246,-0.161188775976019,-1.36224490436555,-0.785833658699785,-1.03677249749005,-0.587827817593754,-0.602170003023981
2023-03-15,3.03030303030304,0.481695568,4.02640264,2.503912363,-0.403225828608606,-0.679347826,0.106756339768134,-0.0017253389180496,0.223377947828185,0.0471174861438424,0.232219551646948,0.374939228231866,-0.401500489690556,3.80302469217181,-0.726465312143842,2.27169281135305
2023-03-14,-3.50877192982456,-1.236917222,-4.657016992,0,-2.34374999999999,0.272479564,0.0117132287883976,0.190252551831501,0.00235954750190359,-0.109786025239365,-0.198582654721013,-1.2486304507884,-2.53400255183149,-4.6593765395019,0.382265589239365,0.198582654721013
2023-03-13,-0.581395348837206,-3.577981651,-0.6875,-2.887537994,0.589390962671915,-0.136054422,0.0542615982386287,0.104308961205249,0.101303831368902,-0.0395443370038595,-0.00572352745163496,-3.63224324923863,0.485082001466666,-0.788803831368902,-0.0965100849961405,-2.88181446654837
2023-03-10,-1.71428571428572,0.925925926,1.910828025,2.8125,-2.11538461538462,0,0.0377954427980285,0.137569002439744,0.0630125412639173,-0.0667277654604754,-0.0803597217121617,0.888130483201972,-2.25295361782436,1.84781548373608,0.0667277654604754,2.89285972171216
2023-03-09,0,-0.917431193,-0.632911392,-3.396226415,0,2.797202797,0.0627119712653296,0.0872400250878399,0.120954786701372,-0.0255938971800833,0.0325795047935022,-0.98014316426533,-0.0872400250878399,-0.753866178701372,2.82279669418008,-3.4288059197935
2023-03-08,-1.12994350282485,0.460829493,0,0.913937548,0,-1.106500692,0.0462886474168263,0.120413550649358,0.0827630995015437,-0.0527066163856145,-0.0418625465755788,0.414540845583174,-0.120413550649358,-0.0827630995015437,-1.05379407561439,0.955800094575579
2023-03-07,0.568181818181816,2.551984877,-1.06449593,-0.53030303,0,0.416666667,0.0709702903596057,0.0705590193367357,0.140159129412649,-0.0119605128068473,0.0700120135785226,2.48101458664039,-0.0705590193367357,-1.20465505941265,0.428627179806847,-0.600315043578523
2023-03-06,0,-1.946246525,1.396825397,0.227790433,0,0.699300699,0.0627119712653299,0.0872400250878399,0.120954786701372,-0.0255938971800831,0.0325795047935019,-2.00895849626533,-0.0872400250878399,1.27587061029863,0.724894596180083,0.195210928206498
2023-03-03,0.513992004568826,3.650336215,0.318471338,-0.603773585,-0.952380952380954,-1.379310345,0.0701826608400489,0.0721499547795877,0.138327533048981,-0.0132607841891033,0.0664419227920592,3.58015355415995,-1.02453090716054,0.180143804951019,-1.3660495608109,-0.670215507792059
2023-03-02,-2.17877094972067,0.096153846,0.319488818,0.531107739,1.35135135135136,0.694444444,0.0310443163697375,0.151205624794867,0.0473131060476243,-0.07787297558114,-0.110960573586601,0.0651095296302625,1.20014572655649,0.272175711952376,0.77231741958114,0.642068312586601
2023-03-01,0,-5.282331512,-1.510383889,2.568093385,-1.33333333333334,-0.689655172,0.0627119712653297,0.0872400250878398,0.120954786701372,-0.0255938971800831,0.0325795047935022,-5.34504348326533,-1.42057335842118,-1.63133867570137,-0.664061274819917,2.5355138802065
2023-02-28,0,6.601941748,0.952986023,0.31225605,4.99999999999999,0.694444444,0.0627119712653297,0.0872400250878398,0.120954786701372,-0.0255938971800831,0.0325795047935019,6.53922977673467,4.91275997491215,0.832031236298628,0.720038341180083,0.279676545206498
2023-02-27,-0.831024930747919,-0.09699321,1.811125485,-4.474272931,0,-2.571041949,0.0506333217313194,0.111637728790286,0.0928664405751822,-0.0455341380362286,-0.0221694277230933,-0.147626531731319,-0.111637728790286,1.71825904442482,-2.52550781096377,-4.45210350327691
2023-02-23,1.40449438202247,-0.865384615,0.064724919,0.449438202,-0.793650793650792,1.931034483,0.0831257937455621,0.0460060782873577,0.168426195650597,0.00810660351780368,0.125109301790183,-0.948510408745562,-0.83965687193815,-0.103701276650597,1.9229278794822,0.324328900209817
2023-02-22,-1.65745856353592,-4.411764706,-0.322580645,-3.749098774,0.398406374501984,-3.462050599,0.0386214050676621,0.135900638549625,0.0649332786817337,-0.0653642118158215,-0.0766158799495429,-4.45038611106766,0.262505735952359,-0.387513923681734,-3.39668638718418,-3.67248289405046
2023-02-21,2.25988700564972,4.114832536,0.649350649,0.946142649,-1.56862745098037,-0.26560425,0.0955586189623361,0.0208929739648038,0.197338161101029,0.0286315412309798,0.181463607531664,4.01927391703766,-1.58952042494517,0.45201248789897,-0.29423579123098,0.764679041468336
2023-02-20,-1.66666666666666,-0.947867299,-0.64516129,1.402214022,0,-1.051248357,0.0384875685887871,0.136170975291079,0.064622048081625,-0.0655851580082419,-0.0772225209758923,-0.986354867588787,-0.136170975291079,-0.709783338081625,-0.985663198991758,1.47943654297589
2023-02-17,0,0.380589914,0.323624595,1.879699248,0,-0.262123198,0.0627119712653295,0.0872400250878399,0.120954786701372,-0.0255938971800832,0.0325795047935018,0.31787794273467,-0.0872400250878399,0.202669808298628,-0.236529300819917,1.8471197432065
2023-02-16,1.69491525423728,-0.849056604,0,1.526717557,-0.584795321637422,0.394736842,0.0873469570380845,0.0374797367455632,0.178242317501115,0.0150751816282138,0.144242581847123,-0.936403561038085,-0.622275058382985,-0.178242317501115,0.379661660371786,1.38247497515288
2023-02-15,-3.27868852459017,1.62991371,-0.961538462,-1.206636501,0.588235294117642,1.19840213,0.0150574086229507,0.183497632045032,0.0101362844985904,-0.104265229956789,-0.183424480326619,1.61485630137705,0.40473766207261,-0.97167474649859,1.30266735995679,-1.02321202067338
2023-02-14,0,-1.603773585,1.298701299,0,0,-2.340702211,0.0627119712653297,0.0872400250878399,0.120954786701372,-0.0255938971800833,0.0325795047935019,-1.66648555626533,-0.0872400250878399,1.17774651229863,-2.31510831381992,-0.0325795047935019
2023-02-13,0,-0.469483568,-2.222222222,-3.913043478,0.393700787401581,-2.534854246,0.0627119712653295,0.0872400250878398,0.120954786701372,-0.0255938971800833,0.0325795047935022,-0.53219553926533,0.306460762313741,-2.34317700870137,-2.50926034881992,-3.9456229827935
2023-02-10,1.66666666666668,0,11.307420495,0,0.793650793650777,-0.879396985,0.0869363739418723,0.0383090748846006,0.17728752532112,0.0143973636480761,0.142381530562897,-0.0869363739418723,0.755341718766176,11.1301329696789,-0.893794348648076,-0.142381530562897
2023-02-09,-2.43902439024391,-1.843317972,-3.741496599,-1.075268817,-1.17647058823528,-1.728395062,0.0272616258850233,0.158846293677946,0.0385166326236925,-0.0841176935139747,-0.128106386576345,-1.87057959788502,-1.33531688191323,-3.78001323162369,-1.64427736848603,-0.947162430423655
2023-02-08,-0.806451612903222,1.496725912,-1.01010101,-1.063829787,1.19047619047618,3.846153846,0.0509904860992607,0.110916291315214,0.0936970099498815,-0.0449445072582244,-0.0205505076755599,1.44573542590074,1.07955989916097,-1.10379801994988,3.89109835325822,-1.04327927932444
2023-02-07,-1.5873015873016,-1.018518519,0.067385445,-2.959394357,0.799999999999998,3.723404255,0.0396411115733841,0.133840930043306,0.0673045594444695,-0.0636808122545207,-0.0719938530821125,-1.05815963057338,0.666159069956692,0.0000808855555305271,3.78708506725452,-2.88740050391789
2023-02-06,5.58659217877096,-2.173913043,-0.735785953,-1.29076087,0.806451612903224,4.881450488,0.143911086382232,-0.076774333135308,0.309779608890469,0.108455021796987,0.400630987819407,-2.31782412938223,0.883225946038532,-1.04556556189047,4.77299546620301,-1.69139185781941
2023-02-03,0,0.363636364,2.04778157,1.029512697,-0.601202404809614,0.27972028,0.0627119712653295,0.0872400250878399,0.120954786701372,-0.0255938971800832,0.0325795047935018,0.300924392734671,-0.688442429897454,1.92682678329863,0.305314177180083,0.996933192206498
2023-02-02,1.12994350282485,0,1.806810285,2.030812325,-1.77165354330707,0.704225352,0.0791352951138328,0.054066499526322,0.1591464739012,0.00151882202544817,0.107021556162582,-0.0791352951138328,-1.82572004283339,1.6476638110988,0.702706529974552,1.92379076883742
2023-02-01,0,4.761904762,2.56593015,6.408345753,-1.55038759689924,0.282485876,0.0627119712653297,0.0872400250878398,0.120954786701372,-0.0255938971800832,0.0325795047935014,4.69919279073467,-1.63762762198708,2.44497536329863,0.308079773180083,6.3757662482065
2023-01-31,-1.11731843575418,-4.545454545,-0.496453901,-6.088173548,8.17610062893081,-1.939058172,0.046472148241949,0.120042896732469,0.0831898222635531,-0.0524036809754969,-0.0410307918116786,-4.59192669324195,8.05605773219834,-0.579643723263553,-1.8866544910245,-6.04714275618832
2023-01-30,0,-0.090826521,-3.622693096,-1.719394773,-2.25409836065573,-1.095890411,0.0627119712653295,0.0872400250878402,0.120954786701372,-0.0255938971800833,0.0325795047935018,-0.15353849226533,-2.34133838574357,-3.74364788270137,-1.07029651381992,-1.7519742777935
2023-01-27,-0.555555555555553,1.38121547,1.105736006,-3.195739015,-0.408163265306129,0,0.0546371703731487,0.103550341822253,0.102177207161456,-0.0389243174561361,-0.00402117046296269,1.32657829962685,-0.511713607128382,1.00355879883854,0.0389243174561361,-3.19171784453704
2023-01-26,0,-0.549450549,0.486111111,-2.90885585,0,-0.680272109,0.0627119712653296,0.0872400250878399,0.120954786701372,-0.0255938971800831,0.0325795047935022,-0.61216252026533,-0.0872400250878399,0.365156324298628,-0.654678211819917,-2.9414353547935
2023-01-25,0.558659217877092,0.831024931,-0.689655172,2.859042553,-2.77777777777778,0.684931507,0.0708318827770198,0.0708385892655254,0.139837268920282,-0.0121890052823763,0.0693846530960922,0.76019304822298,-2.84861636704331,-0.829492440920282,0.697120512282376,2.78965789990391
2023-01-24,4.06976744186046,-1.545454545,0.974930362,1.759133965,1.61290322580645,-0.544959128,0.121864582452236,-0.0322425277340228,0.258511474028662,0.0720591815863513,0.300700730509465,-1.66731912745224,1.64514575354047,0.716418887971338,-0.617018309586351,1.45843323449053
2023-01-23,2.13776722090261,0.090991811,1.771793055,1.232876712,0,0.410396717,0.0937836516580444,0.0244782362285785,0.193210555952354,0.0257013067325196,0.173418207680611,-0.00279184065804439,-0.0244782362285785,1.57858249904765,0.38469541026748,1.05945850431939
2023-01-20,0.23809523809523,-0.542986425,-3.090659341,-1.683501684,2.05761316872428,-0.408719346,0.0661726002191211,0.0802498893445203,0.129002320789907,-0.0198808599189178,0.0482655084748436,-0.609159025219121,1.97736327937976,-3.21966166178991,-0.388838486081082,-1.73176719247484
2023-01-19,0.598802395209596,-2.471315093,-2.608695652,0.337837838,-2.01612903225807,0.547945205,0.071415349472471,0.0696600429788918,0.141194093989904,-0.0112257795172712,0.0720293344112495,-2.54273044247247,-2.08578907523696,-2.7498897459899,0.559170984517271,0.265808503588751
2023-01-18,0.179964007198563,2.719854941,2.749140893,2.777777778,-0.799999999999998,1.671309192,0.065327683611927,0.0819565391630749,0.127037505928459,-0.0212757046491481,0.0444357523270904,2.65452725738807,-0.881956539163073,2.62210338707154,1.69258489664915,2.73334202567291
2023-01-17,-0.179640718562877,-1.868327402,-3,0.558659218,0.603621730382289,0.701262272,0.060100957803187,0.0925140197205244,0.114882994514812,-0.0299043324789268,0.0207445559081777,-1.92842835980319,0.511107710661765,-3.11488299451481,0.731166604478927,0.537914662091822
2023-01-16,1.82926829268292,2.181818182,0,1.416430595,1.01626016260163,0.422535211,0.0892997303005592,0.0335353236452607,0.182783402259631,0.0182989500703349,0.153093923320886,2.09251845169944,0.982724838956369,-0.182783402259631,0.404236260929665,1.26333667167911
2023-01-13,0,6.692531523,0,0.498220641,2.50000000000001,-0.699300699,0.0627119712653297,0.0872400250878402,0.120954786701372,-0.0255938971800831,0.0325795047935019,6.62981955173467,2.41275997491217,-0.120954786701372,-0.673706801819917,0.465641136206498
2023-01-12,0,1.776900296,1.282916948,-1.056338028,0,0,0.0627119712653297,0.0872400250878399,0.120954786701372,-0.0255938971800832,0.0325795047935018,1.71418832473467,-0.0872400250878399,1.16196216129863,0.0255938971800832,-1.0889175327935
2023-01-11,-0.303951367781154,-3.062200957,-3.202614379,-0.907187718,0,0.704225352,0.0582941470689997,0.0961636026325035,0.110681338928774,-0.0328871362368902,0.0125548192428524,-3.120495104069,-0.0961636026325035,-3.31329571792877,0.73711248823689,-0.919742537242852
2023-01-10,0.304878048780486,-1.41509434,-1.226597805,1.487252125,-2.24032586558045,-0.140646976,0.0671432644378678,0.0782892415140775,0.131259555961082,-0.0182784226383469,0.0526652412147324,-1.48223760443787,-2.31861510709453,-1.35785736096108,-0.122368553361653,1.43458688378527
2023-01-09,-0.485436893203885,5.367793241,2.92358804,1.949458484,-1.40562248995983,-1.112656467,0.0556563200003168,0.101491758156744,0.10454719292863,-0.0372418372271199,0.000598332239309052,5.31213692099968,-1.50711424811657,2.81904084707137,-1.07541462977288,1.94886015176069
2023-01-06,0.060716454159084,0.801603206,0.133067199,-2.738764045,-1.1904761904762,-0.138888889,0.0635944631661144,0.0854574768108547,0.123006981186609,-0.0241370206471811,0.0365795785920238,0.738008742833886,-1.27593366728705,0.010060217813391,-0.114751868352819,-2.77534362359202
2023-01-05,0.426829268292677,1.525940997,-0.463576159,-1.657458564,-2.32558139534883,-0.138696255,0.0689157817068831,0.0747089280845721,0.135381463664966,-0.0153522328216524,0.0606995357832245,1.45702521529312,-2.4002903234334,-0.598957622664966,-0.123344022178348,-1.71815809978322
2023-01-04,0,0.306122449,0.066269052,6.863468635,0.389105058365765,-1.232876712,0.0627119712653295,0.0872400250878398,0.120954786701372,-0.0255938971800833,0.0325795047935014,0.243410477734671,0.301865033277925,-0.0546857347013721,-1.20728281481992,6.8308891302065
2023-01-03,3.79746835443038,-3.921568627,1.004016064,2.885345482,-0.387596899224812,-1.217861976,0.117906812806819,-0.0242482158815656,0.249307862037505,0.0655254312891396,0.282761335660477,-4.03947543980682,-0.363348683343246,0.754708201962495,-1.28338740728914,2.60258414633952
